recipe_id,name,category,cuisine,minutes,calories,tags
1,Phở Bò Hà Nội,soup,Vietnamese,180,450,"beef,noodle,soup,traditional,hanoi"
2,Phở Gà,soup,Vietnamese,120,380,"chicken,noodle,soup,traditional"
3,Bún Bò Huế,soup,Vietnamese,150,420,"beef,noodle,soup,spicy,hue"
4,Bún Riêu Cua,soup,Vietnamese,90,350,"crab,noodle,soup,tomato"
5,Bánh Mì Thịt Nướng,sandwich,Vietnamese,30,520,"bread,pork,grilled,street_food"
6,Bánh Mì Trứng,sandwich,Vietnamese,15,380,"bread,egg,street_food,fast"
7,Bánh Mì Pate,sandwich,Vietnamese,10,430,"bread,pate,street_food"
8,Cơm Tấm Sườn Bì,rice,Vietnamese,60,680,"rice,pork,grilled,saigon"
9,Cơm Rang Dưa Bò,rice,Vietnamese,20,560,"rice,beef,fried_rice,quick"
10,Bún Chả Hà Nội,noodle,Vietnamese,45,490,"pork,noodle,grilled,hanoi"
11,Gỏi Cuốn Tôm Thịt,appetizer,Vietnamese,30,220,"shrimp,pork,salad_roll,fresh,healthy"
12,Chả Giò Hải Sản,appetizer,Vietnamese,40,350,"seafood,spring_roll,fried,appetizer"
13,Mì Quảng,noodle,Vietnamese,90,480,"noodle,pork,shrimp,central_vietnam"
14,Cao Lầu Hội An,noodle,Vietnamese,90,460,"noodle,pork,hoian,traditional"
15,Banh Canh Cua,soup,Vietnamese,60,390,"crab,thick_noodle,soup"
16,Chè Khúc Bạch,dessert,Vietnamese,120,180,"dessert,sweet,cold,almond"
17,Chè Ba Màu,dessert,Vietnamese,30,250,"dessert,sweet,cold,colorful"
18,Bánh Xèo Miền Tây,pancake,Vietnamese,40,420,"pancake,shrimp,pork,southern"
19,Lẩu Thái Hải Sản,hotpot,Thai-Vietnamese,50,380,"seafood,hotpot,spicy,thai"
20,Lẩu Bò Nhúng Dấm,hotpot,Vietnamese,60,520,"beef,hotpot,vinegar,southern"
21,Lẩu Mắm,hotpot,Vietnamese,60,440,"fish_paste,hotpot,mekong"
22,Nem Chua Rán,appetizer,Vietnamese,45,290,"pork,fried,appetizer,fermented"
23,Bò Lúc Lắc,main,Vietnamese,20,380,"beef,stir_fry,pepper,quick"
24,Gà Kho Gừng,main,Vietnamese,35,350,"chicken,braised,ginger,spicy"
25,Cá Kho Tộ,main,Vietnamese,60,320,"fish,braised,caramel,clay_pot"
26,Thịt Kho Trứng,main,Vietnamese,90,580,"pork,egg,braised,tet"
27,Canh Chua Cá,soup,Vietnamese,30,210,"fish,sour_soup,tamarind,tomato"
28,Canh Bí Đỏ Tôm,soup,Vietnamese,25,180,"shrimp,pumpkin,soup,light"
29,Rau Muống Xào Tỏi,vegetable,Vietnamese,10,120,"water_spinach,garlic,stir_fry,quick,vegan"
30,Đậu Phụ Sốt Cà Chua,vegetarian,Vietnamese,20,160,"tofu,tomato,vegetarian,quick"
31,Sushi Cá Hồi,japanese,Japanese,60,420,"salmon,sushi,rice,japanese,healthy"
32,Ramen Chashu,soup,Japanese,240,680,"pork,ramen,noodle,japanese"
33,Tempura Hải Sản,fried,Japanese,40,480,"seafood,tempura,fried,japanese"
34,Takoyaki Bạch Tuộc,snack,Japanese,30,320,"octopus,snack,japanese,street"
35,Okonomiyaki,pancake,Japanese,25,450,"pancake,japanese,cabbage,pork"
36,Cơm Chiên Dương Châu,rice,Chinese,15,520,"rice,fried_rice,egg,chinese,quick"
37,Vịt Quay Bắc Kinh,main,Chinese,180,720,"duck,roasted,chinese,beijing"
38,Dim Sum Há Cảo,dumpling,Chinese,45,280,"shrimp,dumpling,dim_sum,steamed"
39,Mì Xào Hải Sản,noodle,Chinese,20,480,"seafood,noodle,stir_fry,chinese,quick"
40,Bún Tôm Thái,salad,Thai,30,260,"shrimp,salad,thai,spicy,lime"
41,Pad Thai Tôm,noodle,Thai,30,520,"shrimp,noodle,thai,stir_fry"
42,Tom Yum Goong,soup,Thai,30,280,"shrimp,soup,thai,spicy,lemongrass"
43,Green Curry Gà,curry,Thai,40,450,"chicken,curry,thai,coconut,spicy"
44,Cơm Rang Kimchi,rice,Korean,20,480,"kimchi,rice,fried,korean,quick"
45,Bibimbap,rice,Korean,40,520,"rice,vegetables,egg,korean,healthy"
46,Tteokbokki,snack,Korean,20,380,"rice_cake,spicy,korean,street"
47,Korean BBQ Galbi,bbq,Korean,60,620,"beef,bbq,korean,grilled"
48,Bulgogi,main,Korean,30,480,"beef,marinated,korean,sweet"
49,Mì Udon Nhật,noodle,Japanese,20,440,"udon,japanese,noodle,soup,light"
50,Gyoza Chiên,dumpling,Japanese,30,360,"pork,dumpling,fried,japanese"
51,Bít Tết Bò Sốt Tiêu,main,Western,30,680,"beef,steak,pepper,western,grilled"
52,Pizza Margherita,italian,Italian,60,580,"pizza,cheese,tomato,italian,basil"
53,Pizza Hải Sản,italian,Italian,60,620,"pizza,seafood,italian,cheese"
54,Pasta Carbonara,pasta,Italian,25,680,"pasta,egg,bacon,italian,cream"
55,Pasta Bolognese,pasta,Italian,60,580,"pasta,beef,tomato,italian"
56,Pasta Aglio e Olio,pasta,Italian,20,480,"pasta,garlic,olive_oil,italian,quick,vegan"
57,Risotto Nấm,rice,Italian,40,520,"risotto,mushroom,italian,creamy"
58,Burger Bò Phô Mai,burger,American,30,750,"beef,burger,cheese,american"
59,Chicken Wings Buffalo,appetizer,American,45,580,"chicken,wings,spicy,american"
60,Caesar Salad,salad,American,15,280,"salad,chicken,healthy,light,quick"
61,Súp Kem Nấm,soup,French,30,320,"mushroom,cream_soup,french,creamy"
62,Quiche Lorraine,pastry,French,60,480,"egg,bacon,pastry,french"
63,Ratatouille,vegetarian,French,60,220,"vegetable,french,vegan,healthy"
64,Salmon Nướng Sốt Cam,main,Western,30,420,"salmon,grilled,citrus,healthy"
65,Tôm Sốt Kem Tỏi,main,Western,20,380,"shrimp,cream,garlic,quick"
66,Salad Quinoa Rau Củ,salad,Healthy,20,280,"quinoa,salad,healthy,vegan,protein"
67,Smoothie Bowl Acai,breakfast,Healthy,10,320,"acai,smoothie,breakfast,healthy,fruit"
68,Avocado Toast,breakfast,Western,10,350,"avocado,toast,breakfast,healthy,quick"
69,Granola Sữa Chua,breakfast,Healthy,5,380,"granola,yogurt,breakfast,quick,healthy"
70,Buddha Bowl Chay,vegetarian,Healthy,30,420,"vegetables,vegan,healthy,bowl,protein"
71,Đậu Hũ Non Hoa Quả,dessert,Vietnamese,10,120,"tofu,fruit,dessert,vegan,light"
72,Súp Rau Củ Hầm,soup,Healthy,60,180,"vegetable,soup,healthy,vegan,light"
73,Bánh Yến Mạch Chuối,breakfast,Healthy,15,280,"oat,banana,breakfast,healthy,quick"
74,Cơm Gạo Lứt Ức Gà,main,Healthy,40,380,"brown_rice,chicken,healthy,protein,diet"
75,Sinh Tố Xanh Cải Bó Xôi,drink,Healthy,5,120,"spinach,smoothie,green,healthy,vegan"
76,Tiramisu,dessert,Italian,30,480,"dessert,coffee,cream,italian,no_bake"
77,Creme Brulee,dessert,French,60,420,"dessert,cream,caramel,french"
78,Bánh Flan Caramen,dessert,Vietnamese,45,280,"flan,dessert,caramel,egg,baked"
79,Panna Cotta Trái Cây,dessert,Italian,20,320,"dessert,cream,fruit,italian,no_bake"
80,Kem Mochi Nhân Đậu Đỏ,dessert,Japanese,60,250,"mochi,ice_cream,japanese,dessert"
81,Cà Phê Sữa Đá,drink,Vietnamese,5,180,"coffee,milk,iced,vietnamese,drink"
82,Trà Sữa Trân Châu,drink,Taiwanese,10,380,"bubble_tea,milk_tea,taiwanese,drink"
83,Sinh Tố Bơ,drink,Vietnamese,5,280,"avocado,smoothie,vietnamese,drink"
84,Nước Ép Cà Rốt Gừng,drink,Healthy,5,80,"carrot,ginger,juice,healthy,vegan"
85,Cocktail Mojito Không Cồn,drink,Western,5,120,"mocktail,mint,lime,drink,refreshing"
86,Hải Sản Nướng Muối Ớt,seafood,Vietnamese,30,380,"seafood,grilled,spicy,salt,chili"
87,Cua Rang Me,seafood,Vietnamese,40,420,"crab,tamarind,spicy,seafood"
88,Tôm Hùm Nướng Phô Mai,seafood,Western,45,580,"lobster,cheese,grilled,luxury,seafood"
89,Mực Nhồi Thịt Hấp,seafood,Vietnamese,40,320,"squid,stuffed,steamed,seafood"
90,Nghêu Hấp Xả,seafood,Vietnamese,20,180,"clam,steamed,lemongrass,quick"
91,Gà Rang Muối Mặn,main,Vietnamese,35,400,"chicken,fried,salty,crispy"
92,Vịt Nấu Chao,main,Vietnamese,60,520,"duck,fermented_tofu,braised"
93,Bò Sốt Vang Đỏ,main,Vietnamese-French,180,580,"beef,red_wine,braised,french"
94,Sườn Nướng BBQ,bbq,Western,120,650,"pork_ribs,bbq,grilled,american"
95,Gà Chiên Nước Mắm,main,Vietnamese,30,450,"chicken,fried,fish_sauce,sweet"
96,Thịt Nướng Xiên Que,bbq,Vietnamese,30,380,"pork,skewer,grilled,street"
97,Bánh Cuốn Hà Nội,breakfast,Vietnamese,30,280,"steamed_roll,pork,breakfast,hanoi"
98,Bánh Chưng Tết,traditional,Vietnamese,480,420,"sticky_rice,pork,traditional,tet,festive"
99,Xôi Gấc Đỏ,traditional,Vietnamese,60,380,"sticky_rice,gac_fruit,traditional,festive"
100,Bún Ốc Hà Nội,soup,Vietnamese,60,320,"snail,noodle,soup,hanoi,traditional"
101,Nấm Hầm Sả,vegetarian,Korean,30,354,"steamed,sour,chicken,noodle"
102,Cua Kho Dừa,breakfast,Chinese,60,727,"festive,low_carb,vegetable,noodle"
103,Tôm Hấp Tiêu,appetizer,Mexican,45,184,"romantic,sour,snack,tofu"
104,Nấm Xào Mè,healthy,Vietnamese,60,308,"vegetable,quick_lunch,sour,dessert"
105,Cua Nướng Dừa,breakfast,Vietnamese,45,232,"low_carb,vegan,salad,vegetarian"
106,Cua Hấp Tỏi,main,Vietnamese,20,585,"bread,sour,soup,baked"
107,Cá Xào Nước Mắm,noodle,Korean,120,515,"gluten_free,spicy,low_carb,salad"
108,Cá Hầm Gừng,noodle,American,10,234,"baked,bread,grilled,fried"
109,Bò Hấp Mè,appetizer,Korean,60,249,"low_carb,weekend,tofu,family"
110,Tôm Chiên Ớt,noodle,Korean,15,613,"pork,quick,festive,spicy"
111,Rau Nướng Nước Mắm,rice,Italian,60,495,"bread,vegetable,quick_lunch,sour"
112,Heo Xào Phô Mai,rice,American,30,418,"high_protein,seafood,fried,tofu"
113,Tôm Nướng Nước Mắm,salad,American,15,548,"bread,chicken,sweet,party"
114,Cá Rang Tiêu,healthy,Korean,40,541,"pork,bread,vegan,noodle"
115,Mực Sốt Sả,rice,Italian,30,453,"quick,mushroom,pork,gluten_free"
116,Heo Chiên Nước Mắm,dessert,French,45,772,"rice,quick,grilled,party"
117,Cua Nướng Tỏi,healthy,Thai,20,623,"salad,low_carb,chicken,bread"
118,Đậu Chiên Sả,soup,Japanese,40,177,"festive,healthy,spicy,bread"
119,Cá Rang Me,vegetarian,Mexican,40,298,"fried,rice,vegetarian,chicken"
120,Đậu Rang Gừng,appetizer,American,60,528,"weekend,vegetarian,vegetable,chicken"
121,Tôm Chiên Tiêu,vegetarian,French,20,590,"tet,snack,vegan,sweet"
122,Cua Nướng Tiêu,healthy,Vietnamese,15,437,"family,sweet,egg,quick"
123,Mực Chiên Tỏi,vegetarian,Italian,60,367,"vegan,steamed,festive,spicy"
124,Nấm Xào Tỏi,noodle,Indian,30,668,"pork,vegan,salad,spicy"
125,Nấm Nướng Sả,main,American,20,379,"beef,vegetable,sweet,weekend"
126,Tôm Hấp Phô Mai,healthy,Japanese,15,228,"steamed,baked,quick_lunch,sour"
127,Gà Hầm Gừng,noodle,Chinese,20,448,"spicy,egg,soup,gluten_free"
128,Cá Hấp Ớt,appetizer,American,120,112,"high_protein,noodle,fried,dairy_free"
129,Mực Sốt Dừa,main,Korean,20,554,"vegetable,chicken,tofu,festive"
130,Gà Hầm Tỏi,salad,Korean,20,111,"pork,weekend,grilled,family"
131,Nấm Kho Tỏi,noodle,Korean,45,442,"tofu,healthy,noodle,beef"
132,Mực Nướng Me,appetizer,Vietnamese,40,509,"bread,party,high_protein,vegetarian"
133,Cua Hầm Tỏi,dessert,Chinese,40,267,"tet,fried,soup,quick"
134,Mực Xào Sả,appetizer,Korean,40,162,"chicken,vegetarian,festive,soup"
135,Heo Xào Tỏi,healthy,French,90,175,"vegan,festive,high_protein,egg"
136,Nấm Hấp Tiêu,vegetarian,Japanese,45,614,"vegan,high_protein,tet,family"
137,Tôm Kho Nước Mắm,vegetarian,Chinese,20,237,"snack,dairy_free,vegetarian,chicken"
138,Heo Kho Sả,dessert,Indian,30,531,"rice,romantic,weekend,sweet"
139,Tôm Chiên Phô Mai,vegetarian,Italian,90,293,"fried,easy,healthy,soup"
140,Gà Rang Sả,soup,Thai,20,374,"chicken,quick,tet,romantic"
141,Cá Nướng Phô Mai,main,Korean,45,498,"baked,seafood,romantic,chicken"
142,Tôm Sốt Tỏi,soup,Italian,30,244,"sour,noodle,easy,mushroom"
143,Rau Hầm Sả,healthy,Korean,15,122,"easy,vegetarian,low_carb,high_protein"
144,Rau Chiên Ớt,soup,French,15,773,"soup,sour,vegetable,family"
145,Nấm Hầm Me,salad,Italian,45,219,"beef,romantic,dairy_free,sweet"
146,Gà Nướng Mè,noodle,Mexican,15,377,"seafood,dairy_free,low_carb,salad"
147,Đậu Xào Dừa,salad,Japanese,60,224,"easy,pork,family,salad"
148,Nấm Rang Me,dessert,Mexican,120,208,"pork,rice,low_carb,sweet"
149,Mực Chiên Tiêu,breakfast,Italian,15,120,"spicy,tet,sour,steamed"
150,Nấm Nướng Nước Mắm,vegetarian,Mexican,10,120,"grilled,tofu,low_carb,fried"
151,Gà Hầm Mè,appetizer,Korean,40,281,"bread,fried,seafood,vegetarian"
152,Nấm Hầm Ớt,main,Thai,120,411,"chicken,vegan,beef,grilled"
153,Gà Kho Mè,breakfast,French,20,397,"snack,low_carb,party,seafood"
154,Đậu Chiên Me,salad,Korean,90,390,"baked,gluten_free,egg,party"
155,Heo Nướng Dừa,noodle,Mexican,120,172,"high_protein,weekend,soup,baked"
156,Mực Xào Phô Mai,rice,Mexican,15,110,"soup,sour,dessert,fried"
157,Bò Xào Sả,main,Chinese,40,296,"grilled,baked,chicken,seafood"
158,Heo Nướng Ớt,vegetarian,Japanese,45,125,"low_carb,seafood,rice,egg"
159,Cua Xào Tiêu,salad,American,120,731,"mushroom,low_carb,steamed,healthy"
160,Rau Nướng Sả,healthy,Mexican,60,587,"vegan,mushroom,weekend,vegetarian"
161,Cua Chiên Tỏi,soup,Mexican,45,256,"steamed,soup,healthy,sweet"
162,Cua Rang Me,salad,Italian,20,666,"egg,fried,weekend,pork"
163,Gà Rang Nước Mắm,dessert,Korean,10,279,"sour,snack,rice,soup"
164,Cua Hầm Phô Mai,vegetarian,French,40,207,"low_carb,mushroom,steamed,sweet"
165,Cá Kho Tỏi,noodle,French,45,707,"dairy_free,festive,grilled,pork"
166,Cá Hầm Gừng,appetizer,Korean,40,777,"easy,weekend,party,quick_lunch"
167,Cá Hấp Sả,rice,Indian,120,231,"chicken,seafood,soup,noodle"
168,Bò Rang Tỏi,breakfast,Chinese,90,766,"sweet,family,seafood,dairy_free"
169,Cua Xào Gừng,breakfast,Japanese,45,674,"steamed,mushroom,quick_lunch,healthy"
170,Bò Xào Sả,soup,American,30,758,"romantic,dessert,family,quick"
171,Tôm Xào Dừa,dessert,Korean,60,288,"steamed,weekend,dessert,pork"
172,Mực Xào Tỏi,salad,Vietnamese,10,355,"tet,rice,vegetable,family"
173,Heo Chiên Dừa,noodle,Korean,10,437,"tet,vegetable,quick_lunch,gluten_free"
174,Nấm Chiên Gừng,healthy,Thai,90,181,"noodle,bread,chicken,seafood"
175,Đậu Xào Me,appetizer,Vietnamese,40,337,"vegetarian,easy,vegan,romantic"
176,Tôm Chiên Mè,noodle,French,45,510,"vegan,chicken,vegetable,quick"
177,Heo Sốt Tiêu,salad,American,45,746,"vegetarian,tofu,tet,baked"
178,Mực Xào Me,rice,Indian,20,578,"low_carb,party,grilled,rice"
179,Rau Hầm Me,noodle,Italian,30,165,"sour,high_protein,dairy_free,noodle"
180,Heo Nướng Nước Mắm,dessert,Italian,15,288,"spicy,sour,snack,noodle"
181,Tôm Chiên Tiêu,noodle,Indian,10,286,"weekend,soup,tofu,beef"
182,Heo Hấp Tiêu,vegetarian,Italian,20,595,"salad,dessert,vegetarian,romantic"
183,Đậu Chiên Me,breakfast,Mexican,90,200,"snack,healthy,dessert,gluten_free"
184,Bò Rang Tiêu,soup,French,60,421,"spicy,gluten_free,steamed,grilled"
185,Cua Hầm Me,soup,Japanese,20,702,"gluten_free,steamed,high_protein,chicken"
186,Gà Rang Tỏi,soup,Chinese,10,297,"high_protein,low_carb,romantic,quick"
187,Heo Sốt Mè,breakfast,Italian,45,455,"egg,dairy_free,pork,easy"
188,Đậu Kho Gừng,vegetarian,Vietnamese,30,509,"pork,vegetable,egg,vegetarian"
189,Đậu Rang Mè,breakfast,American,10,580,"easy,chicken,quick_lunch,sour"
190,Rau Kho Tỏi,rice,Italian,10,279,"vegetable,mushroom,festive,egg"
191,Cá Rang Mè,rice,Korean,30,781,"seafood,quick_lunch,sour,snack"
192,Bò Kho Sả,main,Italian,60,428,"high_protein,dairy_free,spicy,steamed"
193,Cua Chiên Me,rice,Korean,10,449,"tofu,gluten_free,noodle,beef"
194,Đậu Hấp Gừng,vegetarian,Vietnamese,10,258,"healthy,seafood,mushroom,snack"
195,Heo Xào Gừng,salad,Italian,40,353,"tofu,dairy_free,spicy,chicken"
196,Nấm Kho Dừa,main,Indian,20,101,"festive,gluten_free,tofu,family"
197,Nấm Rang Gừng,vegetarian,Chinese,30,538,"party,dessert,beef,bread"
198,Tôm Sốt Sả,salad,Indian,10,323,"egg,dessert,low_carb,fried"
199,Cua Xào Gừng,soup,Chinese,40,547,"quick,sweet,sour,vegan"
200,Gà Nướng Ớt,main,Japanese,15,180,"easy,beef,vegetable,vegetarian"
201,Đậu Hầm Dừa,soup,French,20,580,"gluten_free,party,dessert,tofu"
202,Bò Rang Gừng,salad,Thai,10,753,"low_carb,gluten_free,healthy,party"
203,Cua Rang Sả,vegetarian,American,15,376,"weekend,bread,low_carb,grilled"
204,Gà Hấp Tiêu,main,Korean,30,233,"vegan,soup,sweet,festive"
205,Cá Kho Sả,dessert,Indian,120,118,"salad,dessert,beef,tet"
206,Cá Sốt Gừng,healthy,American,120,452,"snack,dairy_free,party,fried"
207,Heo Kho Ớt,appetizer,Mexican,30,640,"steamed,romantic,festive,bread"
208,Cá Xào Mè,rice,Korean,45,712,"spicy,sweet,gluten_free,party"
209,Cá Rang Gừng,appetizer,American,45,682,"dessert,vegan,egg,vegetable"
210,Tôm Nướng Mè,salad,Chinese,120,707,"fried,snack,tet,steamed"
211,Đậu Chiên Mè,breakfast,Korean,30,737,"seafood,easy,romantic,dessert"
212,Cá Xào Phô Mai,soup,French,20,736,"quick_lunch,beef,weekend,sour"
213,Heo Hầm Me,vegetarian,Mexican,20,649,"vegetable,gluten_free,baked,easy"
214,Cua Kho Tiêu,main,Mexican,60,412,"party,rice,festive,romantic"
215,Đậu Xào Dừa,main,American,45,350,"mushroom,tofu,fried,easy"
216,Bò Hấp Sả,salad,Mexican,30,334,"tet,snack,healthy,seafood"
217,Tôm Hầm Tiêu,salad,Vietnamese,20,311,"festive,sour,noodle,vegetarian"
218,Cua Hầm Dừa,appetizer,Chinese,60,405,"fried,sour,sweet,egg"
219,Đậu Hấp Sả,healthy,Japanese,15,508,"dairy_free,party,pork,snack"
220,Tôm Rang Dừa,rice,Mexican,45,274,"salad,steamed,high_protein,baked"
221,Nấm Sốt Tiêu,salad,Italian,60,459,"sweet,party,healthy,low_carb"
222,Đậu Xào Tiêu,rice,Indian,10,790,"low_carb,sour,salad,festive"
223,Nấm Sốt Tỏi,dessert,Chinese,15,354,"quick_lunch,noodle,vegan,steamed"
224,Tôm Rang Nước Mắm,noodle,Japanese,90,132,"gluten_free,bread,weekend,rice"
225,Heo Xào Phô Mai,healthy,Italian,30,376,"vegetable,grilled,dairy_free,snack"
226,Cá Sốt Phô Mai,vegetarian,French,20,128,"sweet,festive,party,healthy"
227,Cua Rang Me,salad,American,10,146,"snack,vegetarian,vegan,pork"
228,Nấm Rang Tỏi,dessert,Thai,90,682,"festive,rice,healthy,gluten_free"
229,Mực Kho Tiêu,healthy,Korean,30,267,"snack,egg,grilled,party"
230,Bò Sốt Dừa,vegetarian,Korean,10,641,"baked,rice,high_protein,chicken"
231,Heo Hấp Tỏi,salad,Thai,45,580,"gluten_free,noodle,salad,tet"
232,Cá Kho Me,breakfast,Vietnamese,45,332,"steamed,tofu,quick,soup"
233,Cua Xào Phô Mai,healthy,French,60,480,"high_protein,sweet,mushroom,tet"
234,Heo Hấp Ớt,soup,Indian,45,510,"healthy,tofu,pork,chicken"
235,Heo Kho Sả,soup,Thai,15,644,"sour,soup,romantic,fried"
236,Cá Kho Tiêu,dessert,Korean,20,469,"fried,tofu,party,chicken"
237,Nấm Kho Sả,vegetarian,American,20,452,"quick_lunch,festive,beef,family"
238,Bò Xào Gừng,vegetarian,Vietnamese,15,334,"mushroom,party,salad,romantic"
239,Tôm Hầm Tiêu,appetizer,Chinese,90,718,"egg,seafood,salad,grilled"
240,Gà Xào Phô Mai,rice,Thai,30,407,"seafood,sour,steamed,festive"
241,Gà Kho Phô Mai,vegetarian,Italian,30,285,"high_protein,soup,vegetarian,low_carb"
242,Gà Xào Tỏi,noodle,Vietnamese,60,558,"chicken,vegetable,gluten_free,quick_lunch"
243,Tôm Hầm Sả,vegetarian,Thai,30,209,"egg,spicy,quick,sour"
244,Bò Xào Nước Mắm,appetizer,Chinese,120,678,"sour,dairy_free,mushroom,salad"
245,Mực Hầm Gừng,salad,French,30,558,"seafood,noodle,dessert,chicken"
246,Rau Sốt Dừa,vegetarian,Indian,30,598,"weekend,steamed,vegetable,low_carb"
247,Mực Hầm Mè,breakfast,Indian,40,407,"seafood,mushroom,gluten_free,chicken"
248,Heo Chiên Ớt,salad,Vietnamese,40,538,"festive,gluten_free,salad,grilled"
249,Nấm Hấp Nước Mắm,main,American,90,337,"spicy,easy,weekend,family"
250,Mực Nướng Tỏi,main,Vietnamese,45,603,"romantic,high_protein,festive,seafood"
251,Tôm Chiên Phô Mai,vegetarian,French,15,199,"grilled,dessert,vegetarian,low_carb"
252,Cua Nướng Tỏi,appetizer,Indian,120,619,"low_carb,mushroom,baked,pork"
253,Heo Xào Phô Mai,noodle,Thai,15,166,"gluten_free,romantic,vegetable,pork"
254,Nấm Nướng Phô Mai,salad,French,40,644,"sour,tet,rice,fried"
255,Rau Xào Tiêu,healthy,Japanese,45,242,"vegetarian,soup,dessert,mushroom"
256,Bò Hầm Gừng,breakfast,American,60,428,"salad,soup,gluten_free,festive"
257,Đậu Chiên Ớt,main,Mexican,20,604,"pork,vegan,salad,quick_lunch"
258,Nấm Kho Tỏi,vegetarian,Thai,10,100,"sweet,festive,quick,spicy"
259,Nấm Hầm Mè,vegetarian,Italian,60,226,"quick_lunch,baked,salad,grilled"
260,Nấm Sốt Sả,appetizer,Vietnamese,90,100,"chicken,healthy,sweet,spicy"
261,Nấm Hấp Tỏi,rice,Mexican,15,430,"low_carb,high_protein,mushroom,party"
262,Cá Kho Me,salad,Vietnamese,10,443,"steamed,mushroom,quick,salad"
263,Đậu Hấp Tiêu,main,Japanese,10,501,"beef,vegan,sweet,dessert"
264,Nấm Nướng Phô Mai,noodle,Vietnamese,20,409,"dairy_free,tet,noodle,spicy"
265,Gà Kho Me,vegetarian,Italian,10,141,"baked,vegetable,seafood,pork"
266,Heo Rang Ớt,main,Korean,60,380,"gluten_free,weekend,beef,family"
267,Cua Xào Gừng,healthy,Korean,60,410,"tofu,easy,rice,weekend"
268,Heo Hầm Nước Mắm,rice,Chinese,15,236,"pork,soup,romantic,bread"
269,Cua Kho Sả,noodle,French,10,211,"pork,high_protein,dairy_free,rice"
270,Mực Sốt Me,rice,Vietnamese,120,637,"seafood,low_carb,healthy,grilled"
271,Heo Xào Me,noodle,Vietnamese,45,311,"chicken,bread,gluten_free,dessert"
272,Tôm Xào Gừng,rice,Japanese,30,596,"mushroom,dairy_free,soup,vegetable"
273,Cua Hầm Sả,appetizer,Korean,10,391,"family,chicken,fried,festive"
274,Tôm Chiên Tỏi,healthy,Chinese,60,352,"sour,dessert,gluten_free,romantic"
275,Đậu Hấp Ớt,dessert,Indian,90,171,"noodle,low_carb,tet,vegetable"
276,Rau Sốt Ớt,main,Korean,45,431,"easy,salad,egg,high_protein"
277,Nấm Nướng Tiêu,rice,French,15,381,"quick_lunch,sweet,steamed,baked"
278,Rau Rang Dừa,noodle,Vietnamese,45,178,"baked,romantic,dairy_free,quick"
279,Gà Chiên Tiêu,vegetarian,French,20,533,"snack,tet,gluten_free,seafood"
280,Cá Kho Tỏi,main,Chinese,90,557,"tet,festive,tofu,easy"
281,Nấm Hầm Tỏi,salad,Italian,10,539,"dessert,low_carb,chicken,bread"
282,Rau Xào Gừng,salad,Italian,60,500,"steamed,gluten_free,bread,snack"
283,Bò Rang Nước Mắm,breakfast,Korean,120,455,"vegetable,snack,vegetarian,healthy"
284,Heo Xào Dừa,noodle,Chinese,60,213,"seafood,sweet,mushroom,chicken"
285,Bò Xào Mè,appetizer,Thai,40,565,"grilled,salad,festive,seafood"
286,Tôm Hầm Me,soup,Korean,10,454,"family,vegan,grilled,dairy_free"
287,Gà Sốt Tỏi,healthy,Korean,40,757,"weekend,sour,spicy,fried"
288,Rau Rang Me,appetizer,Chinese,40,276,"festive,fried,chicken,salad"
289,Mực Xào Sả,healthy,Vietnamese,120,250,"sour,vegetable,healthy,dairy_free"
290,Bò Hầm Tỏi,healthy,Japanese,45,496,"easy,snack,sour,seafood"
291,Bò Xào Tiêu,main,American,30,791,"high_protein,mushroom,gluten_free,baked"
292,Cua Xào Mè,healthy,Chinese,20,750,"snack,party,easy,grilled"
293,Mực Rang Me,dessert,Chinese,45,525,"soup,gluten_free,grilled,quick"
294,Cua Rang Ớt,noodle,Korean,120,483,"quick_lunch,vegetable,seafood,festive"
295,Mực Xào Gừng,dessert,Vietnamese,30,706,"mushroom,dairy_free,weekend,fried"
296,Tôm Hầm Tiêu,salad,Indian,45,392,"family,chicken,bread,salad"
297,Cua Rang Mè,vegetarian,Chinese,30,359,"soup,spicy,family,beef"
298,Nấm Sốt Tỏi,appetizer,American,30,525,"weekend,high_protein,family,party"
299,Cá Rang Nước Mắm,rice,Thai,45,240,"gluten_free,baked,quick_lunch,noodle"
300,Cua Sốt Dừa,healthy,Korean,90,219,"vegetarian,weekend,salad,pork"
301,Bò Xào Nước Mắm,vegetarian,French,120,548,"romantic,tet,family,grilled"
302,Mực Hấp Mè,main,Mexican,120,247,"tofu,chicken,mushroom,dairy_free"
303,Gà Nướng Gừng,rice,Chinese,45,427,"salad,tet,romantic,vegetarian"
304,Mực Kho Ớt,rice,French,45,393,"steamed,quick,soup,egg"
305,Tôm Xào Mè,noodle,Chinese,10,401,"vegetarian,romantic,family,festive"
306,Rau Hấp Ớt,breakfast,Korean,120,286,"grilled,noodle,rice,sour"
307,Heo Kho Tiêu,main,Korean,90,633,"chicken,romantic,pork,quick_lunch"
308,Mực Hầm Nước Mắm,noodle,French,30,204,"baked,dessert,romantic,tet"
309,Bò Nướng Me,vegetarian,Chinese,45,405,"snack,vegan,pork,high_protein"
310,Cua Sốt Tiêu,noodle,Vietnamese,40,354,"grilled,rice,fried,vegan"
311,Nấm Kho Sả,breakfast,French,120,364,"healthy,weekend,low_carb,snack"
312,Bò Hấp Gừng,main,Indian,30,231,"chicken,seafood,tofu,spicy"
313,Đậu Chiên Phô Mai,breakfast,Korean,90,768,"baked,tet,vegetarian,beef"
314,Mực Hầm Ớt,breakfast,Indian,15,797,"baked,dairy_free,family,pork"
315,Cua Chiên Me,dessert,Mexican,60,146,"family,gluten_free,easy,weekend"
316,Tôm Xào Tỏi,soup,Japanese,90,306,"bread,salad,sweet,sour"
317,Bò Kho Tiêu,vegetarian,Mexican,120,387,"beef,family,seafood,egg"
318,Nấm Chiên Dừa,rice,American,40,141,"spicy,weekend,pork,bread"
319,Mực Kho Tiêu,vegetarian,Indian,20,308,"quick,quick_lunch,sweet,high_protein"
320,Nấm Kho Dừa,vegetarian,Italian,45,454,"snack,grilled,steamed,quick"
321,Heo Kho Phô Mai,main,Mexican,60,749,"vegetable,quick_lunch,pork,mushroom"
322,Cua Nướng Tiêu,soup,French,40,290,"sweet,baked,vegetarian,easy"
323,Nấm Xào Me,main,Thai,60,610,"fried,high_protein,sweet,romantic"
324,Nấm Rang Sả,noodle,Chinese,15,623,"mushroom,vegetable,seafood,vegetarian"
325,Nấm Hấp Dừa,vegetarian,Korean,60,669,"spicy,low_carb,bread,fried"
326,Gà Rang Mè,dessert,Thai,10,324,"grilled,dessert,beef,sour"
327,Nấm Hấp Tỏi,main,Korean,120,117,"salad,quick,sweet,vegetable"
328,Mực Xào Nước Mắm,soup,Mexican,60,278,"chicken,high_protein,easy,fried"
329,Gà Rang Dừa,appetizer,Japanese,90,581,"bread,dairy_free,tofu,gluten_free"
330,Đậu Hấp Ớt,breakfast,Vietnamese,10,404,"vegetarian,mushroom,tet,high_protein"
331,Bò Chiên Me,rice,Mexican,20,750,"vegetable,weekend,low_carb,pork"
332,Bò Xào Sả,breakfast,Indian,90,776,"quick,easy,sweet,vegan"
333,Cá Sốt Dừa,main,Thai,40,247,"easy,vegetarian,romantic,festive"
334,Đậu Hấp Tiêu,dessert,American,30,409,"healthy,festive,chicken,vegetarian"
335,Gà Chiên Nước Mắm,healthy,Italian,20,491,"sweet,salad,steamed,family"
336,Mực Nướng Ớt,noodle,American,60,585,"low_carb,healthy,dessert,steamed"
337,Tôm Nướng Phô Mai,healthy,Mexican,20,354,"soup,snack,quick_lunch,gluten_free"
338,Gà Xào Dừa,dessert,Thai,120,216,"sweet,vegan,noodle,party"
339,Nấm Xào Me,main,Indian,45,202,"romantic,sour,party,seafood"
340,Nấm Kho Dừa,noodle,Indian,10,453,"romantic,salad,tofu,pork"
341,Cá Kho Nước Mắm,soup,Indian,30,229,"tet,vegetable,sweet,healthy"
342,Gà Hầm Tỏi,soup,Indian,60,263,"quick,vegetable,seafood,family"
343,Nấm Xào Tỏi,rice,Thai,30,342,"sour,tofu,baked,grilled"
344,Gà Chiên Sả,dessert,Thai,120,535,"vegan,snack,romantic,vegetarian"
345,Tôm Rang Dừa,vegetarian,American,90,436,"romantic,quick,snack,gluten_free"
346,Đậu Hầm Ớt,soup,Indian,10,144,"family,high_protein,rice,seafood"
347,Gà Kho Mè,dessert,Korean,20,460,"low_carb,egg,noodle,quick_lunch"
348,Cá Chiên Phô Mai,dessert,American,120,424,"pork,easy,salad,family"
349,Nấm Hầm Phô Mai,appetizer,Japanese,60,385,"festive,mushroom,healthy,noodle"
350,Mực Hầm Phô Mai,noodle,French,40,410,"festive,salad,beef,high_protein"
351,Rau Kho Tỏi,main,Chinese,30,159,"festive,rice,bread,family"
352,Nấm Hầm Tiêu,salad,Italian,20,617,"family,snack,dairy_free,baked"
353,Gà Hầm Gừng,appetizer,Mexican,120,214,"gluten_free,quick_lunch,tet,seafood"
354,Cá Hầm Dừa,soup,Vietnamese,10,785,"tofu,tet,gluten_free,salad"
355,Nấm Nướng Dừa,dessert,Italian,60,451,"sour,romantic,sweet,grilled"
356,Nấm Hấp Dừa,rice,Thai,40,210,"fried,egg,quick_lunch,sour"
357,Heo Chiên Gừng,rice,French,90,678,"baked,weekend,bread,grilled"
358,Tôm Sốt Sả,salad,Mexican,10,572,"dessert,salad,spicy,low_carb"
359,Rau Xào Nước Mắm,healthy,Korean,90,697,"dairy_free,weekend,egg,family"
360,Mực Chiên Sả,appetizer,Japanese,20,207,"fried,dairy_free,quick,egg"
361,Mực Hầm Dừa,appetizer,Italian,15,173,"party,steamed,quick_lunch,pork"
362,Rau Hấp Gừng,healthy,Thai,40,601,"fried,noodle,chicken,quick"
363,Cua Hấp Tiêu,salad,Vietnamese,40,108,"party,dessert,fried,beef"
364,Cá Hấp Tiêu,noodle,Vietnamese,120,117,"noodle,vegan,healthy,tet"
365,Gà Nướng Mè,noodle,Chinese,15,413,"tofu,grilled,beef,steamed"
366,Bò Rang Gừng,appetizer,Mexican,90,535,"chicken,fried,weekend,romantic"
367,Tôm Rang Dừa,appetizer,Mexican,60,493,"tet,pork,egg,rice"
368,Cua Nướng Ớt,vegetarian,Italian,45,703,"sour,healthy,spicy,bread"
369,Cua Hấp Dừa,soup,Italian,20,131,"beef,healthy,bread,romantic"
370,Đậu Xào Phô Mai,healthy,Italian,60,782,"salad,romantic,vegetable,tofu"
371,Nấm Hấp Tiêu,main,Japanese,10,134,"salad,baked,seafood,tet"
372,Rau Xào Ớt,dessert,Chinese,30,132,"tet,party,vegetable,salad"
373,Rau Sốt Sả,salad,Mexican,60,367,"mushroom,snack,high_protein,quick_lunch"
374,Nấm Nướng Me,breakfast,Japanese,20,772,"dessert,soup,mushroom,spicy"
375,Cá Nướng Mè,breakfast,Chinese,120,519,"easy,low_carb,bread,healthy"
376,Gà Kho Sả,dessert,French,60,630,"soup,dessert,egg,chicken"
377,Đậu Xào Nước Mắm,soup,American,90,130,"steamed,romantic,egg,tet"
378,Gà Rang Dừa,dessert,Vietnamese,30,496,"rice,low_carb,tet,chicken"
379,Heo Xào Mè,dessert,Japanese,15,239,"dessert,vegetable,chicken,festive"
380,Cua Kho Mè,main,French,120,741,"grilled,sweet,dairy_free,easy"
381,Cá Hầm Me,dessert,Chinese,15,414,"sweet,snack,romantic,dessert"
382,Bò Kho Dừa,soup,Thai,30,367,"egg,festive,sour,romantic"
383,Mực Xào Phô Mai,noodle,French,10,471,"healthy,snack,rice,mushroom"
384,Cá Chiên Ớt,appetizer,Mexican,40,645,"rice,beef,mushroom,family"
385,Bò Kho Tiêu,vegetarian,Korean,20,559,"vegan,quick_lunch,vegetable,weekend"
386,Bò Hấp Me,dessert,Japanese,40,542,"bread,tet,snack,vegetable"
387,Mực Xào Me,breakfast,Korean,60,291,"family,gluten_free,steamed,baked"
388,Đậu Xào Dừa,salad,Chinese,90,375,"romantic,sweet,low_carb,rice"
389,Mực Kho Dừa,healthy,Chinese,45,508,"baked,high_protein,vegan,spicy"
390,Rau Hấp Phô Mai,salad,Thai,20,732,"dessert,romantic,beef,noodle"
391,Rau Nướng Nước Mắm,breakfast,Thai,15,713,"easy,gluten_free,sour,noodle"
392,Gà Rang Me,noodle,Indian,45,416,"chicken,salad,fried,mushroom"
393,Bò Nướng Ớt,appetizer,Thai,40,735,"festive,vegetable,tet,snack"
394,Tôm Chiên Mè,healthy,Italian,45,695,"vegetable,family,high_protein,tofu"
395,Mực Hầm Mè,salad,Thai,15,365,"dessert,high_protein,soup,healthy"
396,Đậu Rang Dừa,breakfast,Chinese,60,356,"seafood,vegetarian,snack,healthy"
397,Mực Nướng Sả,breakfast,Vietnamese,120,541,"mushroom,spicy,romantic,noodle"
398,Mực Hấp Phô Mai,main,Thai,60,245,"steamed,snack,vegan,easy"
399,Cua Xào Tiêu,main,Japanese,10,457,"salad,romantic,bread,pork"
400,Đậu Nướng Tiêu,vegetarian,American,15,530,"quick,grilled,noodle,chicken"
401,Cua Sốt Dừa,rice,Korean,90,114,"noodle,chicken,easy,low_carb"
402,Gà Chiên Phô Mai,dessert,Korean,60,333,"quick_lunch,tet,quick,snack"
403,Cá Kho Me,dessert,Chinese,120,755,"pork,chicken,vegan,beef"
404,Heo Rang Gừng,soup,Korean,120,658,"egg,bread,seafood,beef"
405,Gà Kho Dừa,appetizer,French,60,642,"sour,healthy,low_carb,high_protein"
406,Cua Hấp Sả,breakfast,Thai,10,626,"vegetable,tofu,chicken,vegan"
407,Nấm Hầm Sả,noodle,Chinese,30,161,"pork,egg,spicy,party"
408,Rau Nướng Tiêu,breakfast,Italian,40,391,"high_protein,vegetable,fried,tet"
409,Heo Sốt Tiêu,breakfast,American,20,791,"salad,quick_lunch,baked,weekend"
410,Rau Hầm Gừng,soup,Mexican,10,325,"festive,quick_lunch,noodle,chicken"
411,Cá Hấp Dừa,main,American,90,725,"salad,vegetarian,mushroom,easy"
412,Heo Hầm Tiêu,appetizer,Korean,20,440,"beef,chicken,high_protein,quick"
413,Mực Hấp Me,breakfast,Thai,120,457,"seafood,romantic,steamed,weekend"
414,Nấm Xào Tỏi,main,French,45,126,"tofu,high_protein,seafood,vegetarian"
415,Tôm Sốt Gừng,breakfast,Japanese,40,516,"chicken,mushroom,rice,family"
416,Bò Nướng Ớt,noodle,American,120,106,"quick,fried,seafood,rice"
417,Gà Nướng Sả,dessert,Vietnamese,15,585,"grilled,fried,sweet,spicy"
418,Cua Kho Sả,rice,Italian,45,171,"vegetable,low_carb,pork,seafood"
419,Cua Nướng Phô Mai,rice,American,10,112,"gluten_free,vegetarian,steamed,sour"
420,Rau Rang Me,healthy,French,120,330,"snack,beef,gluten_free,healthy"
421,Nấm Chiên Gừng,soup,Thai,90,760,"spicy,salad,vegetarian,seafood"
422,Cá Hầm Dừa,main,Indian,10,645,"festive,chicken,vegetable,family"
423,Gà Kho Ớt,vegetarian,American,90,418,"snack,low_carb,rice,sour"
424,Heo Sốt Gừng,vegetarian,Thai,15,158,"festive,steamed,dairy_free,rice"
425,Cua Sốt Sả,main,Vietnamese,45,370,"easy,grilled,dairy_free,baked"
426,Cá Hầm Phô Mai,noodle,Mexican,40,570,"vegan,quick_lunch,family,fried"
427,Nấm Chiên Gừng,appetizer,Mexican,10,541,"tofu,easy,rice,weekend"
428,Rau Nướng Nước Mắm,dessert,Thai,90,238,"vegetarian,quick,spicy,steamed"
429,Heo Sốt Dừa,dessert,French,15,269,"low_carb,quick,vegan,steamed"
430,Rau Hấp Sả,healthy,American,20,463,"romantic,dairy_free,salad,fried"
431,Mực Chiên Phô Mai,healthy,Chinese,30,390,"mushroom,vegetarian,sweet,dairy_free"
432,Cua Chiên Mè,salad,French,90,263,"rice,egg,dessert,vegetarian"
433,Mực Sốt Sả,soup,French,20,308,"beef,vegan,bread,healthy"
434,Tôm Kho Mè,salad,Japanese,90,731,"steamed,snack,salad,baked"
435,Bò Nướng Mè,appetizer,Indian,60,329,"snack,weekend,family,quick_lunch"
436,Cá Rang Phô Mai,salad,French,20,361,"romantic,bread,vegetarian,seafood"
437,Rau Kho Ớt,salad,French,90,577,"healthy,bread,low_carb,vegetarian"
438,Tôm Xào Tiêu,vegetarian,Italian,60,260,"gluten_free,dairy_free,spicy,mushroom"
439,Gà Nướng Tiêu,noodle,Japanese,45,149,"vegetarian,seafood,tofu,egg"
440,Đậu Rang Me,salad,Japanese,60,198,"romantic,tofu,festive,noodle"
441,Đậu Hấp Tiêu,dessert,Vietnamese,90,608,"party,beef,seafood,quick_lunch"
442,Đậu Chiên Tiêu,noodle,American,45,774,"tofu,dairy_free,steamed,noodle"
443,Tôm Nướng Tiêu,rice,Thai,20,348,"festive,pork,rice,beef"
444,Heo Xào Ớt,noodle,Japanese,40,194,"low_carb,festive,salad,sour"
445,Cua Hấp Sả,soup,Vietnamese,20,334,"rice,sweet,grilled,noodle"
446,Bò Rang Dừa,breakfast,Indian,45,188,"gluten_free,noodle,vegetable,easy"
447,Heo Xào Mè,dessert,Thai,90,547,"family,weekend,tet,sweet"
448,Đậu Hầm Dừa,appetizer,American,90,323,"mushroom,vegetarian,beef,seafood"
449,Cá Rang Sả,healthy,Mexican,60,501,"vegan,sour,beef,festive"
450,Gà Chiên Mè,dessert,Italian,90,355,"romantic,gluten_free,tofu,steamed"
451,Bò Hầm Phô Mai,healthy,Chinese,40,111,"vegan,gluten_free,dairy_free,bread"
452,Heo Rang Sả,appetizer,Thai,20,387,"quick_lunch,weekend,dairy_free,vegetable"
453,Cá Nướng Phô Mai,noodle,American,60,658,"soup,fried,beef,sweet"
454,Nấm Hầm Sả,noodle,Korean,15,487,"tet,fried,egg,dairy_free"
455,Bò Rang Mè,salad,Chinese,90,282,"vegetable,bread,party,tet"
456,Heo Sốt Gừng,soup,Thai,30,712,"pork,tet,steamed,gluten_free"
457,Mực Xào Sả,appetizer,Chinese,40,172,"weekend,soup,beef,healthy"
458,Đậu Sốt Dừa,rice,Vietnamese,40,564,"fried,chicken,gluten_free,steamed"
459,Tôm Kho Phô Mai,vegetarian,American,10,479,"gluten_free,steamed,romantic,seafood"
460,Heo Hấp Gừng,main,Chinese,15,360,"tofu,vegetarian,quick_lunch,egg"
461,Rau Nướng Ớt,salad,Thai,20,118,"grilled,steamed,soup,gluten_free"
462,Cá Kho Phô Mai,noodle,Italian,15,469,"tofu,vegetable,healthy,gluten_free"
463,Heo Hầm Mè,soup,Japanese,30,301,"steamed,chicken,family,quick"
464,Tôm Hấp Me,noodle,Chinese,120,444,"gluten_free,romantic,tofu,sweet"
465,Heo Sốt Mè,healthy,Mexican,30,561,"vegan,vegetable,tofu,romantic"
466,Cá Rang Nước Mắm,soup,French,120,434,"rice,dessert,quick_lunch,spicy"
467,Gà Chiên Gừng,breakfast,Thai,40,217,"steamed,egg,healthy,gluten_free"
468,Rau Rang Tiêu,dessert,Indian,45,654,"vegan,dairy_free,sour,beef"
469,Mực Xào Gừng,appetizer,Indian,60,553,"dessert,vegan,festive,steamed"
470,Mực Chiên Mè,vegetarian,Chinese,10,309,"beef,weekend,romantic,salad"
471,Cua Chiên Mè,main,American,90,156,"festive,tofu,dairy_free,easy"
472,Đậu Sốt Me,dessert,Chinese,60,657,"sour,tofu,noodle,quick_lunch"
473,Nấm Hấp Gừng,main,Korean,40,388,"fried,beef,bread,vegetarian"
474,Bò Hấp Nước Mắm,main,French,120,268,"easy,grilled,salad,vegan"
475,Rau Rang Dừa,appetizer,Korean,60,474,"tet,rice,chicken,romantic"
476,Nấm Chiên Ớt,salad,Vietnamese,45,692,"mushroom,beef,quick_lunch,low_carb"
477,Rau Nướng Mè,noodle,Japanese,60,760,"mushroom,easy,tofu,vegetable"
478,Cua Hầm Ớt,healthy,Chinese,10,421,"festive,pork,mushroom,gluten_free"
479,Gà Sốt Mè,breakfast,Italian,60,643,"rice,pork,quick_lunch,fried"
480,Cá Xào Mè,appetizer,French,40,242,"gluten_free,baked,pork,noodle"
481,Nấm Nướng Nước Mắm,main,American,45,655,"snack,sweet,steamed,pork"
482,Tôm Chiên Phô Mai,healthy,Indian,90,661,"high_protein,spicy,snack,vegan"
483,Rau Chiên Tỏi,vegetarian,Chinese,45,102,"vegan,easy,spicy,grilled"
484,Cá Hầm Phô Mai,noodle,Chinese,90,228,"salad,healthy,romantic,egg"
485,Heo Kho Ớt,salad,Thai,60,459,"festive,high_protein,vegan,sour"
486,Heo Kho Phô Mai,appetizer,American,90,385,"tofu,vegetarian,baked,salad"
487,Bò Nướng Phô Mai,breakfast,Mexican,40,155,"seafood,low_carb,tet,romantic"
488,Gà Nướng Nước Mắm,rice,Korean,10,207,"vegetable,dairy_free,baked,tet"
489,Cá Nướng Mè,appetizer,Chinese,60,721,"beef,sour,easy,festive"
490,Đậu Sốt Gừng,salad,Chinese,30,763,"romantic,grilled,fried,sour"
491,Rau Sốt Mè,main,Japanese,60,642,"rice,easy,vegan,chicken"
492,Bò Xào Phô Mai,noodle,Korean,20,233,"baked,beef,sour,vegetable"
493,Cua Kho Dừa,soup,Indian,15,474,"high_protein,tofu,low_carb,egg"
494,Bò Xào Gừng,rice,Korean,90,742,"grilled,sour,salad,quick_lunch"
495,Tôm Chiên Nước Mắm,dessert,Thai,45,312,"rice,low_carb,vegetarian,easy"
496,Gà Hấp Dừa,soup,Thai,120,197,"quick,seafood,spicy,weekend"
497,Cá Hấp Me,healthy,Japanese,120,679,"low_carb,mushroom,spicy,chicken"
498,Heo Hầm Dừa,vegetarian,Indian,10,637,"vegetable,snack,chicken,quick_lunch"
499,Đậu Rang Gừng,rice,Italian,15,605,"chicken,tofu,gluten_free,quick_lunch"
500,Tôm Rang Me,dessert,Korean,30,116,"beef,vegetable,high_protein,quick"
501,Đậu Kho Sả,healthy,Chinese,120,578,"mushroom,dairy_free,vegan,tet"
502,Cua Chiên Tiêu,rice,Mexican,30,642,"pork,beef,vegetable,egg"
503,Heo Hấp Dừa,salad,Indian,20,243,"snack,vegan,vegetarian,fried"
504,Tôm Hầm Sả,noodle,French,45,550,"vegan,fried,mushroom,spicy"
505,Tôm Nướng Sả,rice,Japanese,40,137,"seafood,vegetarian,pork,high_protein"
506,Nấm Hấp Phô Mai,dessert,Japanese,45,409,"sweet,weekend,romantic,grilled"
507,Rau Kho Phô Mai,healthy,Indian,60,269,"beef,fried,high_protein,mushroom"
508,Mực Kho Dừa,healthy,Chinese,90,448,"rice,bread,dessert,mushroom"
509,Tôm Hầm Tỏi,dessert,American,15,554,"tofu,steamed,low_carb,quick_lunch"
510,Đậu Nướng Phô Mai,rice,Japanese,45,659,"egg,weekend,gluten_free,pork"
511,Gà Hầm Sả,rice,Italian,45,529,"baked,tofu,dessert,mushroom"
512,Cá Hấp Gừng,breakfast,Italian,120,568,"vegan,vegetable,easy,grilled"
513,Tôm Rang Dừa,salad,Indian,30,419,"bread,romantic,fried,salad"
514,Cá Sốt Ớt,healthy,Japanese,40,471,"rice,party,sour,soup"
515,Rau Kho Phô Mai,salad,Korean,45,592,"tofu,party,egg,dairy_free"
516,Mực Xào Me,soup,Korean,40,466,"gluten_free,sour,snack,family"
517,Heo Hấp Dừa,vegetarian,Chinese,90,381,"dairy_free,party,egg,spicy"
518,Heo Rang Mè,soup,Italian,45,620,"mushroom,grilled,seafood,steamed"
519,Mực Hấp Phô Mai,soup,Italian,120,759,"easy,sweet,pork,fried"
520,Cá Hấp Me,noodle,American,90,583,"tofu,egg,chicken,gluten_free"
521,Đậu Chiên Me,healthy,French,15,486,"tet,beef,vegetable,easy"
522,Gà Kho Dừa,rice,Vietnamese,20,391,"seafood,sweet,dairy_free,sour"
523,Heo Sốt Nước Mắm,noodle,Italian,40,490,"beef,chicken,rice,egg"
524,Bò Sốt Mè,dessert,French,120,660,"sour,high_protein,seafood,chicken"
525,Cá Kho Dừa,main,Thai,10,129,"vegetarian,party,tofu,family"
526,Nấm Chiên Mè,dessert,Italian,30,625,"quick,noodle,snack,steamed"
527,Nấm Hầm Nước Mắm,dessert,Chinese,20,424,"baked,tofu,grilled,party"
528,Rau Nướng Mè,appetizer,Indian,10,786,"soup,beef,healthy,seafood"
529,Nấm Xào Gừng,breakfast,Italian,120,140,"tofu,soup,dessert,quick"
530,Heo Kho Mè,breakfast,Mexican,45,103,"romantic,salad,spicy,vegetable"
531,Cua Nướng Ớt,dessert,Mexican,20,763,"low_carb,steamed,soup,romantic"
532,Tôm Kho Phô Mai,breakfast,American,20,253,"bread,noodle,baked,vegetarian"
533,Cá Nướng Sả,noodle,Italian,90,499,"fried,sweet,healthy,gluten_free"
534,Mực Hấp Mè,rice,Chinese,15,431,"party,baked,mushroom,gluten_free"
535,Gà Sốt Nước Mắm,salad,Japanese,10,449,"grilled,party,gluten_free,high_protein"
536,Mực Xào Nước Mắm,dessert,Japanese,20,157,"baked,beef,quick_lunch,snack"
537,Rau Sốt Dừa,salad,Thai,120,576,"dessert,pork,dairy_free,salad"
538,Cua Chiên Mè,dessert,Thai,90,208,"vegetable,party,beef,egg"
539,Cá Nướng Phô Mai,main,Vietnamese,20,287,"baked,grilled,beef,romantic"
540,Heo Nướng Sả,vegetarian,American,45,744,"vegetarian,vegan,rice,easy"
541,Nấm Chiên Tỏi,vegetarian,French,45,153,"mushroom,tofu,sour,soup"
542,Gà Kho Me,noodle,Korean,10,537,"rice,dairy_free,pork,bread"
543,Tôm Hầm Sả,breakfast,Korean,120,669,"sour,fried,quick,healthy"
544,Mực Xào Tiêu,healthy,Indian,45,192,"chicken,soup,seafood,dessert"
545,Rau Nướng Gừng,soup,Japanese,45,191,"noodle,chicken,vegan,snack"
546,Tôm Kho Ớt,noodle,Italian,45,498,"sour,vegan,bread,vegetarian"
547,Cá Rang Dừa,breakfast,American,20,796,"rice,vegan,tofu,romantic"
548,Đậu Kho Me,healthy,Mexican,20,327,"quick_lunch,salad,high_protein,bread"
549,Heo Hầm Tỏi,healthy,Thai,60,339,"grilled,mushroom,salad,dairy_free"
550,Mực Chiên Dừa,vegetarian,Chinese,40,228,"baked,family,romantic,low_carb"
551,Nấm Chiên Sả,salad,Chinese,120,110,"pork,grilled,easy,dessert"
552,Cua Chiên Gừng,breakfast,Korean,10,395,"romantic,fried,beef,rice"
553,Cua Kho Dừa,soup,Chinese,10,687,"noodle,dairy_free,rice,festive"
554,Mực Hầm Ớt,salad,Chinese,20,776,"grilled,easy,tofu,quick_lunch"
555,Heo Rang Tỏi,breakfast,Italian,120,730,"easy,grilled,quick_lunch,spicy"
556,Rau Rang Me,vegetarian,American,30,584,"healthy,festive,easy,vegan"
557,Bò Nướng Mè,vegetarian,Thai,45,146,"tofu,low_carb,grilled,sour"
558,Mực Sốt Mè,dessert,Italian,40,610,"steamed,festive,salad,vegan"
559,Mực Hấp Phô Mai,soup,Vietnamese,60,194,"baked,bread,pork,soup"
560,Gà Xào Dừa,rice,Korean,20,237,"sweet,salad,healthy,rice"
561,Cá Chiên Phô Mai,soup,Chinese,30,544,"low_carb,tofu,dairy_free,sour"
562,Rau Rang Sả,main,Vietnamese,45,496,"healthy,beef,mushroom,salad"
563,Tôm Hấp Tiêu,main,Vietnamese,90,607,"seafood,beef,quick,dairy_free"
564,Mực Chiên Sả,appetizer,Korean,15,366,"bread,salad,fried,high_protein"
565,Heo Rang Dừa,healthy,Thai,30,235,"pork,easy,vegetable,family"
566,Rau Nướng Nước Mắm,vegetarian,Vietnamese,20,451,"chicken,weekend,mushroom,high_protein"
567,Gà Hấp Me,rice,Chinese,120,439,"family,bread,mushroom,egg"
568,Nấm Xào Phô Mai,breakfast,Italian,45,768,"egg,vegan,party,quick_lunch"
569,Nấm Nướng Sả,dessert,French,10,127,"beef,rice,romantic,tet"
570,Cua Nướng Dừa,salad,Italian,30,452,"steamed,quick,soup,dairy_free"
571,Heo Chiên Tiêu,vegetarian,Indian,90,349,"vegan,bread,easy,festive"
572,Cá Hấp Nước Mắm,rice,American,15,648,"easy,healthy,quick,weekend"
573,Nấm Kho Nước Mắm,dessert,Korean,40,611,"snack,tofu,healthy,spicy"
574,Gà Rang Ớt,soup,American,45,541,"family,high_protein,mushroom,festive"
575,Cua Kho Phô Mai,breakfast,Chinese,90,247,"pork,low_carb,baked,noodle"
576,Gà Chiên Me,rice,Italian,15,122,"healthy,mushroom,baked,steamed"
577,Gà Xào Gừng,breakfast,Korean,30,664,"soup,rice,mushroom,beef"
578,Bò Sốt Dừa,breakfast,American,90,621,"chicken,bread,gluten_free,healthy"
579,Nấm Kho Phô Mai,dessert,American,30,799,"tofu,sour,grilled,tet"
580,Mực Kho Gừng,rice,Japanese,20,156,"beef,fried,romantic,seafood"
581,Heo Hấp Tiêu,salad,Italian,60,597,"vegetable,dessert,sour,seafood"
582,Bò Hầm Me,soup,American,40,122,"sour,chicken,dessert,egg"
583,Cá Sốt Tiêu,vegetarian,French,90,327,"healthy,snack,mushroom,sweet"
584,Gà Chiên Me,appetizer,Chinese,15,337,"tofu,romantic,gluten_free,bread"
585,Đậu Sốt Phô Mai,vegetarian,French,30,664,"vegetarian,snack,gluten_free,beef"
586,Cá Chiên Tỏi,healthy,Mexican,40,725,"sweet,noodle,high_protein,vegetarian"
587,Nấm Xào Me,rice,Korean,30,660,"soup,weekend,baked,tet"
588,Đậu Kho Dừa,breakfast,Mexican,40,191,"vegetable,steamed,sweet,beef"
589,Nấm Rang Mè,main,Thai,15,312,"snack,chicken,family,party"
590,Rau Chiên Phô Mai,noodle,Japanese,10,790,"salad,high_protein,soup,romantic"
591,Đậu Nướng Tiêu,main,Italian,30,129,"high_protein,chicken,vegetarian,low_carb"
592,Mực Hấp Gừng,healthy,Chinese,30,583,"gluten_free,fried,salad,sour"
593,Bò Sốt Sả,main,Japanese,90,391,"noodle,gluten_free,easy,low_carb"
594,Cua Nướng Nước Mắm,salad,Mexican,20,701,"easy,high_protein,grilled,romantic"
595,Mực Rang Mè,healthy,Mexican,30,179,"dessert,steamed,party,egg"
596,Rau Rang Ớt,appetizer,Korean,120,209,"spicy,chicken,salad,baked"
597,Cua Xào Ớt,healthy,Mexican,45,422,"family,snack,weekend,vegetarian"
598,Rau Xào Phô Mai,dessert,Mexican,120,138,"sweet,family,high_protein,sour"
599,Tôm Nướng Ớt,vegetarian,Korean,45,412,"dessert,seafood,high_protein,pork"
600,Rau Kho Sả,soup,Mexican,10,707,"sweet,salad,high_protein,quick_lunch"
601,Nấm Hầm Dừa,rice,Italian,90,550,"soup,beef,rice,tet"
602,Cua Hấp Nước Mắm,noodle,Thai,120,656,"noodle,low_carb,seafood,festive"
603,Bò Xào Dừa,rice,French,10,352,"steamed,sour,quick_lunch,grilled"
604,Nấm Sốt Tiêu,salad,Mexican,45,393,"grilled,soup,weekend,mushroom"
605,Heo Kho Me,appetizer,Vietnamese,90,427,"gluten_free,quick_lunch,egg,dessert"
606,Tôm Hầm Ớt,dessert,French,90,484,"rice,vegetable,gluten_free,snack"
607,Gà Xào Me,healthy,Mexican,15,493,"romantic,beef,party,festive"
608,Bò Chiên Gừng,noodle,French,10,705,"noodle,easy,fried,dairy_free"
609,Cá Hấp Dừa,soup,Italian,90,165,"tet,romantic,pork,tofu"
610,Nấm Hầm Me,rice,French,60,150,"snack,soup,baked,fried"
611,Heo Hấp Dừa,dessert,American,40,549,"low_carb,soup,quick,pork"
612,Nấm Kho Mè,main,American,90,389,"bread,vegetable,low_carb,baked"
613,Đậu Hầm Nước Mắm,vegetarian,Italian,20,432,"baked,egg,pork,spicy"
614,Rau Chiên Phô Mai,salad,French,45,800,"dairy_free,vegan,bread,grilled"
615,Đậu Rang Dừa,main,Italian,10,293,"vegan,snack,dairy_free,easy"
616,Gà Hầm Mè,noodle,French,40,191,"salad,vegetable,vegan,healthy"
617,Rau Chiên Tiêu,rice,Korean,45,270,"baked,grilled,noodle,low_carb"
618,Mực Nướng Phô Mai,healthy,Mexican,15,656,"sweet,noodle,steamed,weekend"
619,Đậu Xào Tiêu,healthy,Korean,120,421,"romantic,egg,weekend,dairy_free"
620,Đậu Chiên Gừng,main,Thai,10,735,"easy,mushroom,egg,tofu"
621,Rau Chiên Mè,healthy,Chinese,45,105,"low_carb,grilled,pork,vegetarian"
622,Cua Kho Dừa,breakfast,Thai,15,475,"vegetable,snack,egg,weekend"
623,Tôm Sốt Tiêu,vegetarian,Vietnamese,90,780,"easy,seafood,romantic,beef"
624,Bò Kho Me,salad,Mexican,20,419,"fried,quick_lunch,steamed,rice"
625,Đậu Sốt Sả,vegetarian,Indian,45,605,"healthy,vegetarian,beef,romantic"
626,Rau Xào Mè,healthy,Japanese,15,558,"salad,dairy_free,vegetable,egg"
627,Rau Nướng Tiêu,main,French,20,512,"beef,tet,weekend,festive"
628,Cua Xào Mè,appetizer,Indian,60,295,"weekend,vegan,sour,spicy"
629,Mực Kho Tỏi,main,Indian,10,333,"sour,vegetable,dairy_free,tet"
630,Nấm Kho Dừa,dessert,American,30,377,"soup,steamed,seafood,baked"
631,Tôm Chiên Tiêu,healthy,American,60,739,"party,fried,vegetable,sweet"
632,Gà Sốt Dừa,appetizer,Thai,40,492,"mushroom,family,party,high_protein"
633,Bò Nướng Tỏi,breakfast,Mexican,60,701,"seafood,family,quick_lunch,dairy_free"
634,Tôm Hấp Phô Mai,salad,Mexican,10,545,"vegetarian,mushroom,snack,sweet"
635,Nấm Kho Mè,healthy,French,10,316,"healthy,snack,easy,dessert"
636,Cá Kho Nước Mắm,rice,American,15,715,"seafood,tofu,quick,spicy"
637,Cua Sốt Tỏi,dessert,Japanese,10,789,"vegetable,sour,dessert,tet"
638,Cua Kho Phô Mai,breakfast,Indian,120,416,"vegetable,chicken,sweet,tofu"
639,Rau Hấp Nước Mắm,healthy,American,20,646,"sour,soup,snack,egg"
640,Mực Chiên Gừng,soup,Thai,60,474,"steamed,fried,family,rice"
641,Tôm Nướng Tỏi,dessert,Thai,30,655,"seafood,quick,pork,vegetarian"
642,Đậu Chiên Me,breakfast,Japanese,60,454,"sour,beef,weekend,tet"
643,Bò Rang Tiêu,rice,Indian,20,665,"gluten_free,quick,healthy,high_protein"
644,Heo Nướng Phô Mai,main,Korean,120,665,"low_carb,seafood,rice,weekend"
645,Tôm Hấp Nước Mắm,rice,French,30,449,"mushroom,rice,family,baked"
646,Rau Rang Me,rice,Indian,60,709,"fried,bread,soup,mushroom"
647,Đậu Sốt Tỏi,breakfast,French,45,692,"egg,romantic,weekend,low_carb"
648,Mực Hầm Me,rice,Italian,10,745,"fried,noodle,quick_lunch,beef"
649,Heo Nướng Nước Mắm,salad,Korean,15,474,"dessert,vegetable,beef,tofu"
650,Tôm Hấp Phô Mai,main,Japanese,15,611,"tet,chicken,beef,party"
651,Gà Kho Tỏi,dessert,Japanese,120,232,"tofu,party,romantic,vegetable"
652,Đậu Rang Phô Mai,breakfast,Mexican,10,587,"grilled,soup,gluten_free,rice"
653,Bò Sốt Phô Mai,dessert,Indian,30,176,"noodle,romantic,bread,rice"
654,Cua Kho Sả,appetizer,Mexican,10,180,"steamed,healthy,fried,egg"
655,Bò Chiên Sả,rice,French,45,272,"noodle,dairy_free,snack,dessert"
656,Đậu Kho Sả,breakfast,Italian,90,620,"beef,vegetarian,sour,seafood"
657,Cua Nướng Mè,main,Italian,60,363,"gluten_free,dairy_free,snack,sweet"
658,Rau Chiên Me,soup,Vietnamese,120,189,"soup,easy,vegetarian,egg"
659,Bò Nướng Mè,appetizer,Indian,20,309,"weekend,soup,steamed,vegetarian"
660,Gà Kho Ớt,breakfast,Italian,30,403,"spicy,sour,mushroom,low_carb"
661,Bò Nướng Gừng,soup,Korean,120,244,"spicy,quick_lunch,egg,festive"
662,Tôm Hấp Sả,salad,Chinese,120,327,"pork,sour,festive,high_protein"
663,Mực Xào Gừng,soup,Vietnamese,15,684,"weekend,dairy_free,tofu,bread"
664,Gà Kho Dừa,dessert,Chinese,45,792,"party,egg,noodle,baked"
665,Heo Hấp Gừng,noodle,French,10,736,"baked,high_protein,vegan,quick"
666,Mực Hấp Mè,main,Mexican,60,248,"healthy,low_carb,beef,family"
667,Tôm Rang Nước Mắm,soup,American,90,369,"snack,high_protein,family,quick_lunch"
668,Rau Hầm Ớt,vegetarian,Indian,15,700,"steamed,tet,fried,festive"
669,Mực Nướng Ớt,rice,Mexican,10,523,"festive,romantic,family,sweet"
670,Gà Chiên Gừng,dessert,Thai,90,575,"beef,high_protein,chicken,grilled"
671,Gà Chiên Tỏi,soup,Japanese,120,635,"quick_lunch,pork,spicy,tet"
672,Rau Hầm Sả,salad,Italian,40,107,"egg,sour,festive,family"
673,Gà Kho Nước Mắm,healthy,Vietnamese,20,673,"dessert,beef,party,tofu"
674,Nấm Nướng Tỏi,soup,Mexican,15,136,"chicken,dairy_free,tet,gluten_free"
675,Nấm Nướng Tiêu,salad,Japanese,90,483,"dairy_free,low_carb,bread,salad"
676,Heo Rang Phô Mai,salad,American,15,586,"tet,mushroom,bread,vegetarian"
677,Đậu Sốt Ớt,soup,Indian,10,395,"party,quick_lunch,healthy,low_carb"
678,Cá Rang Gừng,main,French,10,401,"noodle,dairy_free,tofu,high_protein"
679,Cá Xào Ớt,rice,Italian,20,131,"party,sweet,dessert,spicy"
680,Tôm Rang Tỏi,rice,Italian,15,334,"family,snack,weekend,low_carb"
681,Tôm Hấp Ớt,breakfast,Vietnamese,60,667,"sour,grilled,vegetable,bread"
682,Bò Nướng Gừng,rice,Italian,90,352,"vegan,beef,egg,festive"
683,Đậu Kho Tỏi,soup,Mexican,20,159,"weekend,spicy,fried,grilled"
684,Nấm Nướng Phô Mai,appetizer,French,15,319,"egg,seafood,fried,steamed"
685,Bò Rang Phô Mai,appetizer,Korean,120,788,"vegan,vegetable,dessert,rice"
686,Heo Nướng Tỏi,dessert,Japanese,120,629,"easy,rice,bread,romantic"
687,Bò Hầm Ớt,main,Indian,15,183,"pork,vegan,easy,weekend"
688,Rau Hầm Sả,dessert,Korean,15,420,"quick,festive,vegetable,steamed"
689,Cua Nướng Sả,healthy,American,10,311,"dairy_free,vegan,quick_lunch,steamed"
690,Gà Sốt Tiêu,vegetarian,Thai,120,567,"sweet,vegetarian,fried,grilled"
691,Mực Rang Dừa,soup,Indian,30,455,"healthy,fried,sweet,spicy"
692,Mực Sốt Tỏi,main,Thai,120,102,"steamed,pork,high_protein,salad"
693,Gà Kho Sả,breakfast,Indian,60,538,"salad,baked,seafood,snack"
694,Cá Hấp Phô Mai,healthy,American,30,651,"vegetable,seafood,sour,tet"
695,Cua Hầm Dừa,vegetarian,French,45,482,"mushroom,vegan,vegetarian,quick_lunch"
696,Heo Chiên Phô Mai,main,Japanese,30,268,"quick,snack,weekend,fried"
697,Nấm Xào Gừng,main,Japanese,40,461,"rice,salad,baked,party"
698,Nấm Rang Gừng,soup,Mexican,40,191,"sweet,vegan,dairy_free,gluten_free"
699,Gà Nướng Phô Mai,vegetarian,Vietnamese,45,202,"fried,vegetarian,vegan,festive"
700,Đậu Nướng Dừa,appetizer,Vietnamese,120,650,"noodle,vegan,romantic,sour"
701,Cá Nướng Mè,dessert,Thai,30,777,"romantic,fried,sweet,grilled"
702,Rau Rang Me,noodle,Chinese,15,172,"low_carb,dairy_free,quick_lunch,festive"
703,Đậu Xào Mè,vegetarian,Japanese,120,179,"easy,dairy_free,noodle,salad"
704,Heo Rang Gừng,rice,Italian,20,699,"weekend,family,baked,rice"
705,Cua Rang Mè,appetizer,Korean,30,459,"steamed,seafood,salad,bread"
706,Gà Chiên Ớt,appetizer,Italian,15,161,"party,beef,family,festive"
707,Gà Chiên Me,breakfast,Indian,60,233,"steamed,baked,party,tofu"
708,Nấm Rang Gừng,appetizer,Korean,45,615,"bread,healthy,sweet,vegetable"
709,Heo Nướng Tiêu,rice,Vietnamese,10,655,"vegetable,chicken,sweet,quick_lunch"
710,Bò Xào Me,noodle,Mexican,45,798,"weekend,spicy,soup,gluten_free"
711,Đậu Hầm Me,dessert,Thai,20,306,"vegan,quick_lunch,rice,spicy"
712,Tôm Sốt Me,soup,Italian,20,749,"spicy,tet,family,vegetable"
713,Rau Hầm Ớt,appetizer,French,20,188,"egg,festive,noodle,weekend"
714,Nấm Nướng Ớt,breakfast,Indian,20,177,"vegan,seafood,chicken,grilled"
715,Cá Nướng Me,vegetarian,Mexican,60,320,"vegan,tofu,weekend,tet"
716,Đậu Hầm Dừa,dessert,French,30,408,"high_protein,noodle,vegan,vegetable"
717,Nấm Hấp Phô Mai,breakfast,Vietnamese,90,570,"snack,seafood,romantic,dairy_free"
718,Rau Hấp Phô Mai,appetizer,Chinese,90,326,"salad,steamed,egg,chicken"
719,Nấm Nướng Tiêu,soup,Vietnamese,120,648,"grilled,mushroom,vegetable,beef"
720,Cá Hấp Dừa,noodle,Japanese,15,258,"rice,sweet,pork,sour"
721,Đậu Hấp Ớt,breakfast,Mexican,45,758,"tofu,salad,sweet,vegetable"
722,Nấm Nướng Tỏi,soup,Indian,30,497,"fried,weekend,vegetable,romantic"
723,Cá Sốt Tỏi,dessert,Vietnamese,45,711,"rice,dessert,steamed,party"
724,Mực Chiên Mè,main,Japanese,60,233,"tofu,seafood,quick_lunch,party"
725,Gà Rang Mè,healthy,American,40,782,"family,mushroom,vegetarian,pork"
726,Cua Hấp Me,appetizer,Japanese,10,500,"vegetable,tofu,baked,high_protein"
727,Đậu Xào Sả,main,Indian,40,676,"romantic,chicken,quick_lunch,tet"
728,Nấm Nướng Gừng,rice,Chinese,30,243,"sour,low_carb,gluten_free,party"
729,Tôm Kho Me,salad,American,90,330,"snack,gluten_free,family,weekend"
730,Cá Chiên Tiêu,noodle,Indian,40,713,"vegan,salad,weekend,baked"
731,Mực Hấp Nước Mắm,rice,Thai,45,558,"low_carb,soup,snack,noodle"
732,Gà Rang Gừng,healthy,Italian,60,501,"beef,fried,easy,festive"
733,Bò Hầm Mè,appetizer,Mexican,40,674,"spicy,grilled,snack,low_carb"
734,Mực Chiên Sả,breakfast,Italian,120,223,"tet,steamed,weekend,salad"
735,Gà Kho Nước Mắm,healthy,Vietnamese,10,419,"vegan,easy,egg,tet"
736,Đậu Nướng Gừng,main,Mexican,90,590,"dairy_free,gluten_free,snack,festive"
737,Bò Kho Tiêu,breakfast,Mexican,120,318,"noodle,steamed,pork,tofu"
738,Mực Hấp Sả,main,Chinese,60,192,"vegetarian,low_carb,fried,festive"
739,Mực Xào Tiêu,breakfast,Indian,45,108,"dessert,weekend,vegetarian,seafood"
740,Đậu Rang Phô Mai,vegetarian,Indian,90,298,"weekend,beef,vegetable,vegetarian"
741,Bò Nướng Dừa,soup,Chinese,20,629,"seafood,tet,festive,soup"
742,Cua Nướng Ớt,appetizer,American,90,310,"bread,mushroom,romantic,healthy"
743,Cua Hấp Gừng,vegetarian,American,60,371,"low_carb,dairy_free,baked,noodle"
744,Cua Rang Sả,dessert,Chinese,10,444,"beef,vegetarian,sour,party"
745,Heo Hầm Mè,noodle,Vietnamese,120,530,"quick_lunch,party,pork,seafood"
746,Heo Rang Sả,appetizer,Indian,90,582,"low_carb,vegan,sour,gluten_free"
747,Heo Rang Mè,rice,Mexican,10,720,"spicy,weekend,fried,steamed"
748,Gà Hấp Nước Mắm,rice,American,15,119,"chicken,tofu,spicy,baked"
749,Tôm Kho Mè,breakfast,Chinese,60,104,"chicken,pork,egg,easy"
750,Tôm Chiên Tiêu,main,Thai,15,442,"gluten_free,weekend,baked,grilled"
751,Mực Hấp Me,healthy,Vietnamese,40,799,"high_protein,quick,dairy_free,beef"
752,Đậu Nướng Gừng,dessert,Thai,60,424,"tofu,dessert,vegetable,snack"
753,Cua Hầm Tỏi,rice,French,40,616,"pork,festive,chicken,family"
754,Tôm Nướng Sả,vegetarian,Japanese,30,289,"fried,party,tofu,quick"
755,Mực Chiên Tiêu,noodle,Italian,60,723,"easy,high_protein,weekend,soup"
756,Heo Hầm Ớt,appetizer,Thai,120,332,"bread,baked,dairy_free,rice"
757,Nấm Sốt Tỏi,breakfast,Vietnamese,120,235,"soup,dairy_free,rice,sweet"
758,Nấm Rang Mè,appetizer,American,60,404,"seafood,noodle,quick_lunch,sour"
759,Gà Kho Gừng,rice,Japanese,15,405,"baked,sour,festive,pork"
760,Cá Rang Tỏi,rice,Chinese,45,232,"weekend,grilled,sweet,festive"
761,Nấm Hầm Gừng,dessert,Japanese,15,456,"soup,party,low_carb,fried"
762,Gà Sốt Me,vegetarian,Japanese,30,561,"noodle,romantic,sweet,grilled"
763,Tôm Sốt Me,salad,Italian,40,647,"grilled,easy,beef,sour"
764,Tôm Hầm Phô Mai,breakfast,Mexican,120,727,"tet,grilled,bread,high_protein"
765,Cá Nướng Nước Mắm,main,Chinese,45,347,"beef,sour,gluten_free,romantic"
766,Rau Chiên Mè,healthy,Chinese,30,614,"festive,weekend,dessert,tofu"
767,Heo Hầm Tiêu,soup,Japanese,15,366,"low_carb,quick,steamed,grilled"
768,Đậu Sốt Ớt,appetizer,Korean,30,434,"easy,sweet,tofu,pork"
769,Heo Nướng Dừa,healthy,Thai,10,264,"grilled,low_carb,soup,vegetable"
770,Cá Nướng Nước Mắm,soup,Japanese,30,665,"family,sweet,mushroom,healthy"
771,Mực Chiên Ớt,noodle,Thai,45,378,"easy,soup,noodle,low_carb"
772,Bò Nướng Dừa,main,Chinese,120,256,"baked,vegetable,snack,spicy"
773,Cua Xào Nước Mắm,dessert,Indian,10,160,"high_protein,festive,healthy,weekend"
774,Rau Sốt Me,healthy,Italian,10,642,"easy,sour,baked,dessert"
775,Tôm Chiên Nước Mắm,appetizer,Vietnamese,30,430,"seafood,mushroom,gluten_free,weekend"
776,Bò Rang Tỏi,vegetarian,Thai,45,419,"high_protein,romantic,steamed,seafood"
777,Cua Nướng Me,breakfast,Thai,20,267,"dairy_free,vegetable,vegan,easy"
778,Nấm Kho Nước Mắm,main,Japanese,20,304,"quick,vegetable,seafood,tet"
779,Heo Hầm Mè,soup,Vietnamese,60,292,"sour,soup,tofu,romantic"
780,Rau Rang Phô Mai,noodle,Korean,30,621,"beef,mushroom,party,snack"
781,Nấm Chiên Tiêu,main,Italian,10,140,"party,seafood,egg,fried"
782,Nấm Sốt Sả,main,Indian,90,467,"dessert,romantic,family,steamed"
783,Cua Hầm Ớt,breakfast,Korean,90,776,"gluten_free,easy,tet,sweet"
784,Tôm Sốt Gừng,appetizer,Chinese,90,524,"spicy,party,vegetarian,vegan"
785,Bò Hầm Sả,vegetarian,Indian,20,784,"seafood,beef,bread,fried"
786,Bò Xào Ớt,soup,Italian,40,794,"soup,festive,seafood,healthy"
787,Mực Kho Ớt,healthy,French,30,730,"dairy_free,steamed,tofu,high_protein"
788,Tôm Hầm Gừng,soup,Chinese,45,244,"gluten_free,noodle,tet,sour"
789,Cua Hấp Nước Mắm,appetizer,American,45,784,"healthy,pork,vegan,family"
790,Đậu Kho Ớt,breakfast,Korean,40,337,"vegetable,healthy,mushroom,vegetarian"
791,Rau Chiên Ớt,vegetarian,French,90,176,"gluten_free,fried,tet,tofu"
792,Rau Hầm Sả,soup,Italian,10,265,"easy,rice,noodle,bread"
793,Cua Chiên Gừng,soup,Mexican,20,443,"festive,family,quick_lunch,egg"
794,Rau Kho Tỏi,noodle,American,15,129,"snack,quick,vegetarian,vegan"
795,Cá Nướng Nước Mắm,healthy,Thai,15,714,"steamed,tofu,chicken,easy"
796,Tôm Kho Dừa,rice,Vietnamese,30,622,"egg,gluten_free,bread,quick"
797,Heo Xào Nước Mắm,vegetarian,French,40,145,"sweet,dessert,weekend,tofu"
798,Gà Hấp Tiêu,rice,Japanese,15,451,"weekend,spicy,snack,chicken"
799,Đậu Hầm Me,rice,Mexican,20,579,"dessert,steamed,rice,healthy"
800,Cá Kho Dừa,soup,Indian,30,749,"weekend,bread,sour,low_carb"
801,Nấm Sốt Tiêu,salad,American,120,144,"vegetarian,steamed,snack,grilled"
802,Nấm Rang Tỏi,noodle,Japanese,30,586,"quick,family,party,fried"
803,Tôm Sốt Me,healthy,Thai,10,268,"sour,vegan,quick_lunch,pork"
804,Mực Kho Dừa,appetizer,Thai,45,577,"romantic,festive,weekend,pork"
805,Đậu Xào Me,dessert,Mexican,10,147,"low_carb,easy,vegan,dessert"
806,Nấm Nướng Dừa,healthy,Japanese,120,349,"sour,beef,high_protein,bread"
807,Đậu Nướng Ớt,salad,Vietnamese,30,737,"healthy,romantic,beef,rice"
808,Gà Xào Sả,soup,Indian,10,130,"vegan,dessert,noodle,tet"
809,Bò Rang Mè,salad,Indian,15,101,"vegetable,grilled,baked,low_carb"
810,Cá Kho Sả,breakfast,Korean,20,493,"fried,festive,beef,quick_lunch"
811,Cá Rang Gừng,soup,Thai,90,449,"seafood,grilled,steamed,sour"
812,Bò Rang Sả,salad,French,20,653,"noodle,bread,gluten_free,low_carb"
813,Cá Hầm Sả,main,Thai,20,439,"low_carb,festive,egg,baked"
814,Mực Chiên Dừa,dessert,Thai,15,383,"gluten_free,family,easy,egg"
815,Tôm Nướng Mè,main,Chinese,30,587,"vegetarian,weekend,bread,sweet"
816,Nấm Xào Tiêu,appetizer,Vietnamese,20,648,"quick,soup,rice,salad"
817,Mực Chiên Tỏi,soup,Japanese,20,332,"snack,rice,low_carb,party"
818,Nấm Nướng Nước Mắm,rice,Chinese,120,799,"quick_lunch,pork,sweet,mushroom"
819,Cá Nướng Sả,appetizer,French,40,720,"dairy_free,quick_lunch,fried,gluten_free"
820,Mực Xào Phô Mai,noodle,Korean,90,710,"vegan,weekend,rice,dessert"
821,Tôm Rang Dừa,vegetarian,Korean,60,689,"soup,baked,bread,gluten_free"
822,Gà Sốt Ớt,rice,Chinese,20,735,"dairy_free,spicy,beef,vegetarian"
823,Cua Hầm Ớt,appetizer,Thai,90,216,"weekend,vegetable,quick_lunch,vegan"
824,Cá Sốt Phô Mai,main,Japanese,90,453,"easy,romantic,vegan,fried"
825,Nấm Rang Me,breakfast,Indian,120,290,"baked,fried,beef,grilled"
826,Đậu Chiên Gừng,main,Italian,15,619,"easy,romantic,high_protein,salad"
827,Gà Nướng Me,main,Italian,45,216,"tet,romantic,sour,weekend"
828,Rau Xào Nước Mắm,vegetarian,Vietnamese,45,558,"dessert,quick_lunch,pork,gluten_free"
829,Đậu Kho Nước Mắm,dessert,Mexican,40,430,"dessert,fried,grilled,dairy_free"
830,Mực Rang Gừng,soup,Korean,90,744,"salad,pork,baked,family"
831,Bò Hầm Phô Mai,rice,Japanese,45,465,"sweet,chicken,gluten_free,egg"
832,Tôm Hấp Mè,breakfast,Indian,20,269,"weekend,pork,soup,noodle"
833,Tôm Hầm Me,breakfast,Thai,45,564,"quick,steamed,soup,low_carb"
834,Nấm Sốt Phô Mai,soup,Thai,30,688,"steamed,weekend,dairy_free,bread"
835,Heo Hấp Dừa,appetizer,Thai,30,141,"sweet,healthy,tofu,pork"
836,Rau Nướng Me,dessert,French,40,268,"spicy,vegan,quick_lunch,steamed"
837,Nấm Xào Gừng,appetizer,Thai,60,145,"dessert,egg,vegetarian,steamed"
838,Rau Kho Tỏi,dessert,Italian,45,273,"bread,snack,mushroom,romantic"
839,Cua Xào Ớt,salad,Japanese,20,326,"tet,dairy_free,gluten_free,bread"
840,Cua Kho Sả,breakfast,Indian,15,335,"party,sweet,easy,snack"
841,Rau Sốt Mè,main,Japanese,45,799,"vegan,snack,pork,egg"
842,Tôm Xào Sả,vegetarian,Korean,30,503,"vegetarian,beef,mushroom,soup"
843,Heo Nướng Gừng,vegetarian,Korean,15,166,"mushroom,dairy_free,salad,chicken"
844,Cua Xào Ớt,dessert,Chinese,40,589,"chicken,tofu,salad,romantic"
845,Đậu Rang Sả,breakfast,French,45,515,"easy,chicken,rice,grilled"
846,Bò Rang Sả,breakfast,Mexican,45,714,"vegetable,tet,seafood,sour"
847,Đậu Rang Phô Mai,rice,Vietnamese,60,350,"tofu,rice,low_carb,sour"
848,Bò Hầm Dừa,healthy,American,20,800,"gluten_free,tet,snack,seafood"
849,Heo Nướng Dừa,breakfast,Korean,45,135,"noodle,tofu,grilled,sweet"
850,Heo Xào Dừa,healthy,Italian,90,704,"high_protein,dairy_free,low_carb,weekend"
851,Mực Hầm Me,dessert,French,10,273,"party,dessert,seafood,soup"
852,Heo Hấp Mè,main,American,60,183,"egg,steamed,sour,dessert"
853,Cua Chiên Ớt,salad,Italian,120,596,"beef,tofu,dairy_free,noodle"
854,Cua Kho Me,soup,Vietnamese,30,202,"pork,vegetable,soup,mushroom"
855,Bò Xào Tiêu,healthy,Chinese,15,675,"bread,chicken,healthy,pork"
856,Tôm Nướng Phô Mai,appetizer,Korean,120,659,"snack,party,steamed,noodle"
857,Cá Hầm Gừng,healthy,Italian,10,299,"weekend,mushroom,sweet,festive"
858,Bò Kho Phô Mai,soup,Indian,30,695,"salad,vegetable,vegetarian,romantic"
859,Gà Chiên Gừng,vegetarian,American,40,705,"bread,rice,low_carb,spicy"
860,Rau Xào Me,main,Mexican,20,550,"vegetarian,pork,beef,baked"
861,Tôm Kho Tiêu,main,Chinese,45,530,"festive,weekend,tofu,mushroom"
862,Gà Kho Me,healthy,American,10,762,"high_protein,family,noodle,grilled"
863,Cá Rang Me,healthy,Chinese,45,550,"rice,vegan,romantic,pork"
864,Đậu Hầm Ớt,noodle,Vietnamese,20,658,"soup,snack,vegetarian,seafood"
865,Cua Hấp Mè,main,American,60,748,"chicken,healthy,noodle,gluten_free"
866,Tôm Xào Gừng,dessert,Vietnamese,20,376,"tofu,snack,family,quick_lunch"
867,Bò Nướng Sả,breakfast,French,10,622,"mushroom,vegetarian,quick,soup"
868,Heo Hấp Ớt,healthy,Vietnamese,15,140,"grilled,vegan,sweet,healthy"
869,Cua Hầm Tỏi,salad,French,40,593,"low_carb,pork,steamed,mushroom"
870,Heo Hấp Mè,dessert,French,90,708,"rice,pork,healthy,easy"
871,Bò Chiên Gừng,vegetarian,Thai,10,768,"grilled,quick,steamed,beef"
872,Mực Nướng Tiêu,appetizer,American,120,761,"fried,egg,baked,salad"
873,Cá Hấp Gừng,noodle,French,120,258,"quick_lunch,seafood,healthy,weekend"
874,Mực Sốt Me,salad,Thai,90,448,"easy,seafood,steamed,festive"
875,Cua Hấp Phô Mai,breakfast,Mexican,40,652,"noodle,tofu,gluten_free,vegetarian"
876,Tôm Sốt Dừa,appetizer,French,10,173,"mushroom,weekend,healthy,high_protein"
877,Đậu Rang Dừa,noodle,Japanese,90,262,"healthy,easy,high_protein,mushroom"
878,Nấm Nướng Me,vegetarian,Mexican,20,590,"dessert,fried,healthy,quick_lunch"
879,Rau Hấp Phô Mai,vegetarian,French,40,526,"vegan,low_carb,salad,chicken"
880,Bò Rang Tiêu,vegetarian,French,40,166,"tet,chicken,tofu,beef"
881,Cá Hấp Ớt,noodle,American,30,100,"festive,steamed,low_carb,tet"
882,Heo Xào Tỏi,main,Italian,45,187,"mushroom,vegetable,party,healthy"
883,Cá Hầm Tiêu,breakfast,Chinese,120,347,"quick_lunch,salad,fried,noodle"
884,Nấm Chiên Sả,dessert,Indian,10,178,"fried,snack,mushroom,tofu"
885,Cua Sốt Dừa,rice,American,20,143,"vegan,weekend,beef,baked"
886,Bò Nướng Tỏi,noodle,Vietnamese,10,190,"beef,dessert,romantic,egg"
887,Cua Xào Gừng,healthy,Korean,60,746,"salad,mushroom,baked,snack"
888,Bò Rang Gừng,rice,French,30,313,"soup,seafood,sour,bread"
889,Gà Chiên Tỏi,breakfast,Thai,45,138,"noodle,rice,fried,vegetarian"
890,Cá Hấp Me,noodle,Vietnamese,45,143,"vegetarian,family,dessert,sweet"
891,Heo Rang Tiêu,main,Korean,15,275,"party,beef,healthy,vegan"
892,Gà Hầm Dừa,vegetarian,Korean,10,795,"low_carb,healthy,soup,vegetarian"
893,Gà Xào Phô Mai,appetizer,Mexican,30,479,"salad,spicy,seafood,soup"
894,Rau Hầm Mè,soup,Indian,40,194,"vegetable,family,tofu,baked"
895,Tôm Rang Tỏi,noodle,American,40,220,"dessert,steamed,baked,soup"
896,Cá Kho Dừa,rice,Chinese,90,529,"quick_lunch,seafood,family,chicken"
897,Tôm Chiên Sả,rice,Japanese,45,276,"baked,high_protein,gluten_free,pork"
898,Tôm Hấp Mè,appetizer,Japanese,40,397,"romantic,low_carb,sweet,tofu"
899,Nấm Hấp Tiêu,healthy,American,10,295,"quick,high_protein,soup,snack"
900,Mực Rang Ớt,soup,Japanese,30,374,"soup,rice,low_carb,salad"
901,Gà Hấp Mè,breakfast,Italian,20,196,"steamed,vegan,gluten_free,chicken"
902,Cua Sốt Tỏi,salad,Italian,15,358,"steamed,tet,low_carb,party"
903,Gà Rang Nước Mắm,salad,French,20,347,"noodle,steamed,fried,family"
904,Heo Xào Me,dessert,Italian,40,115,"noodle,festive,vegetable,egg"
905,Mực Hấp Dừa,main,Vietnamese,120,478,"vegan,egg,vegetable,pork"
906,Rau Chiên Phô Mai,breakfast,Japanese,20,353,"spicy,beef,party,dessert"
907,Đậu Chiên Gừng,main,Thai,60,225,"party,tofu,vegetable,sour"
908,Cua Hầm Ớt,rice,Mexican,45,231,"dairy_free,party,healthy,steamed"
909,Nấm Chiên Mè,healthy,Japanese,90,134,"snack,noodle,weekend,soup"
910,Cá Rang Ớt,noodle,Mexican,30,692,"tofu,healthy,festive,steamed"
911,Heo Rang Mè,salad,Japanese,90,778,"rice,pork,low_carb,healthy"
912,Gà Xào Mè,dessert,Japanese,15,243,"soup,festive,snack,steamed"
913,Cá Hầm Dừa,rice,Vietnamese,40,216,"pork,beef,rice,romantic"
914,Heo Chiên Nước Mắm,soup,Japanese,30,630,"chicken,quick,festive,rice"
915,Cá Hấp Dừa,soup,French,15,764,"dairy_free,pork,vegan,easy"
916,Heo Nướng Tỏi,noodle,American,30,344,"dairy_free,egg,high_protein,romantic"
917,Mực Rang Gừng,appetizer,Indian,10,143,"beef,weekend,gluten_free,high_protein"
918,Cá Xào Tỏi,salad,American,20,403,"sweet,tofu,rice,healthy"
919,Gà Hấp Tỏi,vegetarian,Thai,20,537,"vegetarian,spicy,bread,healthy"
920,Rau Nướng Gừng,breakfast,Italian,120,644,"egg,beef,quick_lunch,gluten_free"
921,Cá Hầm Dừa,dessert,Indian,40,499,"tet,romantic,spicy,low_carb"
922,Cá Hấp Mè,soup,Indian,60,695,"grilled,seafood,fried,high_protein"
923,Cua Nướng Me,healthy,Mexican,90,494,"steamed,tet,spicy,chicken"
924,Gà Nướng Dừa,breakfast,Japanese,60,653,"easy,salad,dairy_free,beef"
925,Tôm Hấp Nước Mắm,soup,Vietnamese,90,355,"chicken,bread,sweet,vegetarian"
926,Cua Xào Tiêu,healthy,Japanese,30,667,"party,romantic,pork,family"
927,Rau Hầm Me,vegetarian,Vietnamese,15,707,"beef,chicken,healthy,pork"
928,Mực Nướng Me,healthy,Italian,10,117,"bread,romantic,pork,vegetable"
929,Gà Sốt Sả,soup,Italian,60,508,"grilled,festive,sweet,noodle"
930,Bò Kho Sả,noodle,Korean,10,781,"soup,vegetarian,egg,seafood"
931,Bò Nướng Tiêu,rice,American,15,168,"vegan,dairy_free,snack,romantic"
932,Rau Nướng Tỏi,salad,French,45,111,"rice,quick_lunch,spicy,egg"
933,Gà Hấp Sả,dessert,American,45,109,"grilled,snack,quick_lunch,family"
934,Tôm Xào Me,noodle,French,120,685,"seafood,festive,soup,bread"
935,Tôm Sốt Tỏi,vegetarian,Indian,30,111,"fried,seafood,tofu,salad"
936,Tôm Hấp Phô Mai,rice,Chinese,90,405,"festive,dessert,vegetable,healthy"
937,Mực Xào Mè,healthy,Mexican,20,627,"fried,pork,tofu,spicy"
938,Mực Nướng Tỏi,salad,French,10,719,"festive,rice,quick,tet"
939,Cua Sốt Me,noodle,Mexican,20,586,"vegan,tet,family,weekend"
940,Gà Hầm Dừa,salad,Indian,90,763,"egg,vegetable,steamed,bread"
941,Heo Rang Gừng,soup,Chinese,120,120,"dairy_free,quick_lunch,sour,beef"
942,Nấm Chiên Tỏi,appetizer,Vietnamese,40,521,"romantic,healthy,bread,easy"
943,Mực Rang Sả,appetizer,Mexican,120,356,"pork,tet,grilled,vegan"
944,Heo Sốt Gừng,noodle,Mexican,120,431,"family,grilled,spicy,chicken"
945,Rau Nướng Mè,healthy,Italian,20,326,"tet,vegetarian,weekend,dairy_free"
946,Cá Nướng Dừa,healthy,Japanese,40,212,"vegetarian,party,vegan,bread"
947,Mực Rang Mè,noodle,Thai,10,779,"pork,party,healthy,beef"
948,Rau Xào Tiêu,vegetarian,Chinese,45,198,"pork,vegetarian,seafood,grilled"
949,Nấm Xào Gừng,dessert,American,120,151,"salad,chicken,soup,vegan"
950,Cua Hấp Tiêu,breakfast,Thai,20,627,"chicken,mushroom,beef,romantic"
951,Rau Hầm Me,healthy,Indian,40,584,"high_protein,rice,quick,beef"
952,Cá Xào Gừng,breakfast,French,15,727,"vegetable,steamed,baked,quick_lunch"
953,Nấm Xào Nước Mắm,healthy,Chinese,10,147,"chicken,vegetable,tofu,festive"
954,Mực Nướng Tiêu,dessert,French,45,304,"beef,quick,healthy,vegan"
955,Đậu Hầm Me,vegetarian,American,60,640,"dessert,soup,tet,quick_lunch"
956,Tôm Hấp Gừng,rice,Indian,45,497,"spicy,fried,festive,high_protein"
957,Bò Nướng Me,soup,Chinese,20,403,"festive,low_carb,high_protein,chicken"
958,Mực Hấp Phô Mai,healthy,American,90,418,"festive,snack,seafood,dessert"
959,Nấm Kho Tiêu,soup,Chinese,40,456,"gluten_free,low_carb,easy,chicken"
960,Nấm Nướng Tiêu,main,French,120,569,"gluten_free,family,low_carb,pork"
961,Cua Rang Tiêu,appetizer,Thai,90,504,"tet,high_protein,vegan,noodle"
962,Heo Sốt Me,dessert,Japanese,10,685,"grilled,pork,mushroom,spicy"
963,Rau Chiên Tiêu,salad,Mexican,10,353,"dairy_free,snack,gluten_free,noodle"
964,Đậu Xào Sả,soup,French,30,360,"grilled,dessert,baked,soup"
965,Cá Chiên Gừng,noodle,Italian,120,256,"noodle,easy,mushroom,beef"
966,Tôm Nướng Gừng,breakfast,Korean,20,625,"egg,beef,grilled,fried"
967,Gà Rang Tiêu,healthy,French,40,537,"steamed,vegan,dessert,romantic"
968,Cá Nướng Sả,healthy,Italian,90,443,"tofu,festive,baked,family"
969,Đậu Sốt Sả,main,Vietnamese,10,788,"soup,romantic,mushroom,family"
970,Heo Hầm Sả,rice,Korean,45,305,"pork,romantic,grilled,high_protein"
971,Bò Xào Nước Mắm,soup,Mexican,15,163,"quick_lunch,low_carb,vegetarian,snack"
972,Rau Chiên Ớt,dessert,Japanese,40,604,"weekend,sour,family,healthy"
973,Đậu Kho Me,noodle,Italian,90,742,"pork,fried,seafood,sour"
974,Nấm Hầm Mè,noodle,Japanese,45,267,"romantic,tet,steamed,dessert"
975,Đậu Kho Sả,rice,French,10,733,"baked,weekend,salad,family"
976,Mực Sốt Tiêu,main,Indian,30,409,"party,mushroom,healthy,festive"
977,Đậu Hấp Me,dessert,Mexican,90,300,"sweet,high_protein,tofu,egg"
978,Cá Hấp Tiêu,main,Thai,60,553,"party,easy,soup,noodle"
979,Nấm Rang Tỏi,breakfast,Mexican,120,259,"seafood,festive,salad,high_protein"
980,Cá Xào Dừa,main,Italian,10,279,"tet,romantic,sour,salad"
981,Gà Chiên Sả,salad,Vietnamese,30,696,"chicken,festive,seafood,gluten_free"
982,Đậu Sốt Gừng,soup,Thai,120,745,"mushroom,snack,sour,healthy"
983,Cua Sốt Sả,main,Italian,15,543,"vegan,vegetable,vegetarian,snack"
984,Cá Chiên Ớt,breakfast,Indian,45,799,"tet,pork,romantic,vegan"
985,Gà Hầm Mè,breakfast,Japanese,20,743,"mushroom,rice,bread,healthy"
986,Tôm Rang Mè,main,Korean,40,586,"sweet,mushroom,weekend,tofu"
987,Heo Chiên Dừa,main,Italian,10,402,"bread,tet,sweet,snack"
988,Cá Sốt Ớt,vegetarian,American,45,137,"egg,tet,family,healthy"
989,Mực Sốt Me,healthy,Thai,45,649,"grilled,high_protein,fried,tofu"
990,Mực Hầm Mè,appetizer,Japanese,10,761,"sour,rice,quick,steamed"
991,Nấm Chiên Nước Mắm,soup,Chinese,15,143,"mushroom,vegetarian,sour,pork"
992,Đậu Rang Nước Mắm,salad,Thai,120,280,"party,low_carb,romantic,beef"
993,Đậu Hầm Sả,breakfast,Korean,30,119,"family,chicken,quick_lunch,sour"
994,Nấm Sốt Tỏi,vegetarian,Italian,90,621,"spicy,sour,snack,egg"
995,Mực Xào Dừa,breakfast,Vietnamese,10,480,"party,healthy,bread,tofu"
996,Mực Xào Tiêu,vegetarian,Thai,90,166,"sweet,tofu,chicken,healthy"
997,Mực Nướng Mè,appetizer,Indian,60,125,"vegetarian,snack,steamed,vegetable"
998,Cá Hấp Sả,breakfast,Mexican,40,159,"party,pork,gluten_free,dairy_free"
999,Đậu Nướng Sả,vegetarian,Vietnamese,30,771,"low_carb,rice,gluten_free,weekend"
1000,Cá Kho Nước Mắm,rice,Vietnamese,120,765,"fried,seafood,baked,vegetarian"
1001,Rau Sốt Ớt,rice,Japanese,90,367,"vegetable,festive,steamed,mushroom"
1002,Gà Kho Phô Mai,main,Thai,30,264,"vegetable,family,high_protein,quick_lunch"
1003,Cua Kho Me,appetizer,Thai,60,777,"rice,spicy,dairy_free,beef"
1004,Bò Hấp Ớt,main,Thai,30,489,"beef,mushroom,rice,bread"
1005,Heo Nướng Mè,salad,Italian,20,755,"family,tet,quick,snack"
1006,Nấm Xào Gừng,appetizer,Mexican,15,424,"vegan,low_carb,snack,rice"
1007,Cá Nướng Tỏi,rice,Indian,120,126,"tofu,sour,baked,romantic"
1008,Bò Hấp Mè,vegetarian,Japanese,45,737,"vegetarian,romantic,quick_lunch,family"
1009,Rau Hấp Tỏi,salad,Indian,90,131,"healthy,snack,vegetable,pork"
1010,Heo Nướng Tỏi,healthy,Italian,45,419,"soup,healthy,beef,tet"
1011,Tôm Xào Me,noodle,Thai,10,249,"rice,vegetable,mushroom,party"
1012,Heo Sốt Ớt,main,Indian,90,529,"spicy,healthy,noodle,sour"
1013,Cá Kho Tiêu,healthy,American,45,609,"salad,weekend,sour,seafood"
1014,Mực Rang Mè,vegetarian,American,20,135,"family,soup,beef,egg"
1015,Gà Chiên Ớt,vegetarian,Thai,30,355,"family,high_protein,beef,chicken"
1016,Tôm Hấp Mè,noodle,Indian,45,128,"party,mushroom,weekend,grilled"
1017,Cua Hấp Dừa,appetizer,Japanese,90,356,"spicy,mushroom,beef,snack"
1018,Cá Xào Nước Mắm,dessert,Korean,15,273,"romantic,steamed,salad,mushroom"
1019,Nấm Hấp Dừa,rice,French,45,787,"pork,sweet,beef,grilled"
1020,Mực Kho Tỏi,rice,Indian,120,103,"rice,easy,salad,mushroom"
1021,Heo Rang Gừng,salad,Chinese,60,789,"spicy,salad,chicken,noodle"
1022,Mực Chiên Phô Mai,salad,Italian,60,677,"soup,weekend,festive,romantic"
1023,Cua Sốt Gừng,appetizer,Italian,15,770,"snack,romantic,beef,dessert"
1024,Tôm Kho Sả,dessert,American,10,355,"gluten_free,rice,soup,quick_lunch"
1025,Tôm Hầm Tỏi,rice,Japanese,15,496,"healthy,easy,quick,seafood"
1026,Đậu Chiên Tỏi,salad,Mexican,40,652,"sweet,tofu,tet,sour"
1027,Heo Hầm Gừng,vegetarian,Vietnamese,20,202,"salad,festive,vegan,tofu"
1028,Cua Xào Nước Mắm,rice,Japanese,90,338,"quick,tet,egg,sour"
1029,Tôm Hầm Mè,main,Chinese,45,488,"vegan,spicy,snack,dairy_free"
1030,Tôm Chiên Phô Mai,breakfast,Chinese,60,386,"easy,romantic,rice,low_carb"
1031,Nấm Hầm Sả,vegetarian,Thai,45,586,"quick_lunch,spicy,party,vegan"
1032,Heo Kho Tỏi,dessert,Thai,60,732,"quick_lunch,beef,tet,dairy_free"
1033,Gà Nướng Me,breakfast,Vietnamese,120,676,"seafood,weekend,spicy,noodle"
1034,Rau Rang Dừa,soup,American,20,762,"romantic,grilled,snack,soup"
1035,Tôm Nướng Tỏi,soup,Chinese,45,780,"romantic,rice,snack,bread"
1036,Heo Hầm Tiêu,dessert,Indian,90,695,"family,sweet,mushroom,vegetarian"
1037,Bò Hấp Gừng,vegetarian,Indian,40,674,"beef,quick,tet,sour"
1038,Đậu Xào Me,main,American,45,499,"seafood,beef,vegetarian,noodle"
1039,Tôm Hấp Sả,breakfast,American,15,322,"quick_lunch,seafood,salad,vegetarian"
1040,Cua Xào Nước Mắm,healthy,Mexican,40,695,"quick_lunch,healthy,romantic,high_protein"
1041,Heo Sốt Tiêu,main,Japanese,30,143,"pork,quick_lunch,baked,weekend"
1042,Đậu Nướng Tiêu,noodle,Japanese,10,615,"family,rice,festive,high_protein"
1043,Tôm Nướng Me,salad,Japanese,120,397,"low_carb,bread,sour,sweet"
1044,Đậu Rang Gừng,vegetarian,American,10,553,"soup,dessert,weekend,party"
1045,Bò Xào Me,healthy,Vietnamese,15,140,"gluten_free,festive,mushroom,low_carb"
1046,Gà Hầm Tỏi,vegetarian,Korean,10,330,"tet,weekend,dessert,egg"
1047,Tôm Kho Dừa,rice,American,20,436,"festive,gluten_free,spicy,tet"
1048,Cá Sốt Nước Mắm,rice,Japanese,120,619,"high_protein,vegetable,seafood,mushroom"
1049,Nấm Rang Tiêu,main,Thai,20,736,"chicken,vegetarian,festive,grilled"
1050,Đậu Sốt Tiêu,dessert,Chinese,20,219,"noodle,family,festive,baked"
1051,Đậu Chiên Dừa,healthy,American,40,597,"baked,dessert,easy,spicy"
1052,Rau Xào Gừng,vegetarian,Vietnamese,40,481,"baked,quick,beef,steamed"
1053,Tôm Sốt Sả,vegetarian,Korean,15,320,"high_protein,rice,noodle,vegan"
1054,Cá Sốt Me,dessert,French,45,439,"quick,tet,snack,party"
1055,Cua Chiên Dừa,breakfast,Mexican,10,689,"beef,weekend,snack,mushroom"
1056,Cá Hầm Sả,noodle,Mexican,60,566,"high_protein,tofu,weekend,vegan"
1057,Tôm Kho Phô Mai,soup,Mexican,120,284,"dairy_free,rice,sweet,beef"
1058,Nấm Kho Sả,healthy,Mexican,120,352,"healthy,family,quick,spicy"
1059,Đậu Sốt Mè,appetizer,French,20,347,"quick_lunch,seafood,quick,sour"
1060,Đậu Rang Phô Mai,vegetarian,Korean,20,640,"sour,seafood,vegetarian,quick_lunch"
1061,Bò Kho Phô Mai,main,Vietnamese,30,215,"vegetarian,gluten_free,chicken,noodle"
1062,Bò Kho Phô Mai,appetizer,Italian,120,328,"tet,quick,vegetarian,grilled"
1063,Cua Hầm Dừa,healthy,Vietnamese,90,630,"egg,party,grilled,tet"
1064,Gà Chiên Ớt,salad,Japanese,120,217,"sweet,party,high_protein,gluten_free"
1065,Heo Nướng Tỏi,healthy,French,20,606,"bread,soup,grilled,salad"
1066,Mực Hấp Sả,appetizer,French,15,105,"dessert,tofu,grilled,high_protein"
1067,Nấm Hầm Ớt,dessert,Vietnamese,20,377,"healthy,rice,family,gluten_free"
1068,Rau Hầm Dừa,noodle,Korean,15,197,"soup,sweet,dairy_free,gluten_free"
1069,Cá Sốt Gừng,salad,Japanese,10,409,"quick,mushroom,weekend,romantic"
1070,Nấm Rang Ớt,dessert,American,20,721,"sweet,dessert,baked,quick_lunch"
1071,Rau Kho Dừa,noodle,Korean,120,519,"grilled,dessert,dairy_free,spicy"
1072,Rau Kho Phô Mai,salad,Italian,15,519,"gluten_free,beef,fried,sweet"
1073,Bò Chiên Mè,vegetarian,American,10,764,"beef,tet,seafood,dairy_free"
1074,Cá Nướng Ớt,vegetarian,Japanese,40,647,"sour,vegetable,high_protein,easy"
1075,Bò Rang Ớt,rice,Mexican,45,570,"pork,family,seafood,low_carb"
1076,Nấm Rang Dừa,appetizer,Mexican,30,618,"low_carb,fried,vegetarian,tet"
1077,Nấm Kho Dừa,salad,Chinese,40,348,"romantic,vegetarian,beef,healthy"
1078,Bò Nướng Phô Mai,appetizer,Vietnamese,20,591,"tet,vegetable,fried,seafood"
1079,Tôm Hầm Tỏi,salad,Italian,10,606,"egg,fried,dairy_free,healthy"
1080,Rau Rang Nước Mắm,noodle,French,40,485,"steamed,sweet,tofu,noodle"
1081,Mực Hấp Gừng,vegetarian,Korean,90,781,"beef,dairy_free,chicken,soup"
1082,Đậu Chiên Tỏi,rice,Korean,120,759,"steamed,grilled,sour,fried"
1083,Gà Chiên Phô Mai,vegetarian,Italian,60,401,"bread,party,salad,baked"
1084,Đậu Kho Nước Mắm,salad,Chinese,40,449,"quick_lunch,weekend,fried,romantic"
1085,Mực Xào Tiêu,soup,Indian,20,711,"noodle,tet,grilled,party"
1086,Mực Xào Gừng,vegetarian,American,40,783,"spicy,baked,noodle,chicken"
1087,Nấm Chiên Nước Mắm,soup,American,20,144,"grilled,tet,weekend,bread"
1088,Nấm Rang Tỏi,appetizer,Thai,40,744,"gluten_free,soup,high_protein,weekend"
1089,Heo Hấp Gừng,noodle,Japanese,20,472,"low_carb,baked,romantic,noodle"
1090,Mực Kho Dừa,soup,Italian,60,158,"fried,pork,salad,bread"
1091,Cua Nướng Mè,appetizer,Thai,120,683,"mushroom,quick_lunch,tet,festive"
1092,Nấm Hấp Mè,breakfast,French,40,701,"low_carb,romantic,party,bread"
1093,Bò Hấp Tiêu,appetizer,American,120,653,"salad,low_carb,steamed,pork"
1094,Mực Nướng Phô Mai,soup,Korean,15,332,"gluten_free,romantic,spicy,chicken"
1095,Mực Rang Mè,vegetarian,Chinese,60,488,"tofu,pork,mushroom,quick_lunch"
1096,Cá Xào Mè,dessert,Thai,15,430,"quick_lunch,sweet,weekend,seafood"
1097,Cá Nướng Phô Mai,dessert,Thai,120,463,"vegetable,family,easy,sour"
1098,Mực Hấp Dừa,vegetarian,French,40,173,"weekend,seafood,bread,noodle"
1099,Rau Hầm Phô Mai,breakfast,Japanese,120,301,"fried,egg,soup,beef"
1100,Cua Kho Ớt,noodle,Japanese,10,230,"tet,gluten_free,bread,high_protein"
1101,Heo Hấp Gừng,rice,Italian,30,386,"pork,weekend,vegetarian,sweet"
1102,Cua Kho Gừng,healthy,Thai,120,331,"family,mushroom,steamed,tofu"
1103,Nấm Hầm Mè,vegetarian,Thai,60,776,"beef,egg,high_protein,vegan"
1104,Bò Nướng Ớt,breakfast,Thai,30,765,"vegetarian,easy,quick,sour"
1105,Tôm Kho Tỏi,appetizer,Italian,40,346,"dairy_free,egg,chicken,vegetarian"
1106,Tôm Chiên Ớt,healthy,Chinese,120,681,"egg,pork,quick,dairy_free"
1107,Heo Chiên Phô Mai,dessert,French,30,139,"bread,dairy_free,seafood,healthy"
1108,Đậu Chiên Me,healthy,Thai,30,260,"grilled,romantic,beef,rice"
1109,Gà Hầm Ớt,salad,Indian,30,105,"sour,tet,dessert,bread"
1110,Nấm Xào Gừng,dessert,Mexican,10,151,"dessert,weekend,quick,bread"
1111,Cua Kho Phô Mai,dessert,Indian,40,393,"mushroom,vegetarian,gluten_free,seafood"
1112,Nấm Sốt Dừa,healthy,Italian,30,468,"spicy,rice,grilled,dairy_free"
1113,Cua Xào Phô Mai,main,Korean,10,105,"romantic,egg,vegetarian,vegetable"
1114,Tôm Chiên Mè,breakfast,Mexican,120,476,"baked,dessert,tofu,romantic"
1115,Nấm Sốt Ớt,main,Korean,20,282,"salad,easy,pork,quick_lunch"
1116,Nấm Sốt Ớt,healthy,French,20,248,"family,tofu,baked,romantic"
1117,Tôm Hấp Phô Mai,main,French,15,487,"fried,soup,healthy,noodle"
1118,Gà Hấp Tỏi,appetizer,Indian,15,709,"easy,festive,tofu,tet"
1119,Nấm Hấp Ớt,healthy,French,30,212,"healthy,tofu,sweet,mushroom"
1120,Tôm Rang Ớt,vegetarian,Korean,10,656,"high_protein,rice,quick_lunch,easy"
1121,Tôm Kho Gừng,main,Chinese,120,351,"high_protein,dessert,noodle,party"
1122,Rau Hấp Tiêu,rice,French,20,351,"baked,high_protein,sour,easy"
1123,Bò Kho Nước Mắm,appetizer,Vietnamese,90,432,"rice,pork,fried,quick_lunch"
1124,Bò Rang Me,noodle,Mexican,15,659,"seafood,quick_lunch,chicken,grilled"
1125,Cua Kho Tỏi,soup,Mexican,60,506,"quick,sour,baked,vegetable"
1126,Rau Rang Me,main,Vietnamese,30,165,"quick_lunch,quick,festive,steamed"
1127,Nấm Rang Tiêu,soup,Japanese,10,478,"chicken,dairy_free,grilled,snack"
1128,Mực Chiên Mè,breakfast,Vietnamese,40,442,"spicy,quick,vegetarian,soup"
1129,Rau Rang Gừng,breakfast,Italian,45,108,"high_protein,beef,noodle,chicken"
1130,Tôm Xào Ớt,vegetarian,Mexican,120,537,"snack,dessert,quick,seafood"
1131,Rau Hấp Ớt,rice,Korean,20,513,"chicken,healthy,bread,fried"
1132,Nấm Xào Gừng,noodle,Italian,40,569,"tofu,romantic,spicy,grilled"
1133,Gà Hấp Tỏi,salad,French,15,450,"party,bread,chicken,soup"
1134,Đậu Sốt Me,rice,Indian,10,102,"fried,noodle,family,sour"
1135,Bò Hấp Dừa,breakfast,Japanese,120,743,"gluten_free,fried,baked,grilled"
1136,Mực Sốt Ớt,salad,Chinese,40,166,"pork,healthy,party,vegetarian"
1137,Mực Kho Gừng,healthy,Vietnamese,40,632,"romantic,chicken,party,mushroom"
1138,Mực Sốt Gừng,soup,Italian,30,316,"fried,steamed,bread,pork"
1139,Đậu Chiên Tiêu,dessert,French,10,366,"easy,dairy_free,vegetarian,fried"
1140,Rau Hầm Ớt,healthy,Italian,30,256,"tofu,dessert,fried,mushroom"
1141,Tôm Chiên Nước Mắm,salad,Mexican,90,528,"fried,noodle,baked,rice"
1142,Nấm Hầm Nước Mắm,rice,Korean,40,363,"seafood,dessert,vegan,party"
1143,Cua Chiên Me,vegetarian,Indian,40,570,"steamed,festive,seafood,healthy"
1144,Gà Kho Phô Mai,appetizer,Vietnamese,120,764,"fried,mushroom,high_protein,quick"
1145,Tôm Rang Tiêu,dessert,Japanese,30,135,"vegetable,mushroom,baked,steamed"
1146,Cá Hầm Gừng,soup,American,30,743,"quick_lunch,quick,seafood,bread"
1147,Heo Chiên Gừng,vegetarian,Mexican,45,540,"steamed,easy,quick,spicy"
1148,Cá Rang Mè,vegetarian,Mexican,15,217,"pork,sweet,party,grilled"
1149,Cua Xào Sả,appetizer,Japanese,10,595,"rice,party,mushroom,chicken"
1150,Rau Kho Ớt,appetizer,Chinese,120,463,"egg,bread,quick,baked"
1151,Bò Rang Ớt,main,Chinese,60,790,"sour,beef,tofu,chicken"
1152,Tôm Nướng Mè,rice,Indian,10,404,"healthy,party,vegetable,soup"
1153,Bò Hấp Nước Mắm,noodle,Italian,60,116,"party,dessert,quick,bread"
1154,Đậu Nướng Nước Mắm,breakfast,Mexican,10,650,"high_protein,spicy,easy,steamed"
1155,Tôm Hấp Me,healthy,Chinese,120,769,"bread,salad,beef,grilled"
1156,Mực Hấp Gừng,breakfast,Indian,60,763,"spicy,snack,soup,mushroom"
1157,Gà Rang Dừa,healthy,Chinese,40,308,"salad,dairy_free,bread,steamed"
1158,Heo Chiên Nước Mắm,rice,French,20,435,"sweet,easy,noodle,family"
1159,Cua Xào Sả,dessert,Italian,20,455,"egg,healthy,festive,sour"
1160,Rau Xào Phô Mai,soup,American,90,295,"bread,vegan,family,weekend"
1161,Tôm Rang Sả,rice,Chinese,15,741,"dairy_free,family,romantic,salad"
1162,Mực Hầm Gừng,soup,Chinese,30,695,"vegan,family,gluten_free,dessert"
1163,Mực Hầm Phô Mai,noodle,Mexican,15,571,"quick,weekend,romantic,dessert"
1164,Nấm Rang Dừa,vegetarian,Mexican,60,428,"pork,vegan,gluten_free,dairy_free"
1165,Bò Kho Ớt,healthy,Italian,30,582,"bread,egg,quick_lunch,tet"
1166,Tôm Hầm Tiêu,breakfast,Indian,15,473,"bread,snack,healthy,weekend"
1167,Cua Hấp Mè,rice,French,120,135,"egg,easy,soup,chicken"
1168,Nấm Hấp Me,vegetarian,American,20,332,"quick_lunch,easy,snack,dairy_free"
1169,Đậu Chiên Ớt,noodle,Korean,90,550,"party,chicken,sour,dairy_free"
1170,Đậu Hầm Phô Mai,soup,Chinese,45,180,"festive,pork,grilled,snack"
1171,Nấm Chiên Mè,rice,Italian,60,575,"noodle,tofu,quick,festive"
1172,Mực Chiên Me,healthy,Thai,20,706,"dessert,chicken,grilled,weekend"
1173,Rau Nướng Mè,vegetarian,Chinese,20,271,"steamed,seafood,egg,high_protein"
1174,Bò Chiên Ớt,vegetarian,Vietnamese,60,381,"chicken,grilled,seafood,rice"
1175,Nấm Sốt Ớt,vegetarian,Mexican,60,717,"beef,weekend,vegan,sour"
1176,Mực Kho Phô Mai,soup,Thai,90,739,"bread,gluten_free,quick_lunch,romantic"
1177,Nấm Kho Sả,noodle,Italian,15,710,"steamed,dessert,fried,healthy"
1178,Bò Sốt Nước Mắm,healthy,Chinese,40,573,"mushroom,healthy,grilled,vegetarian"
1179,Mực Chiên Mè,dessert,French,15,141,"gluten_free,pork,romantic,grilled"
1180,Đậu Hấp Dừa,rice,American,10,305,"gluten_free,soup,romantic,seafood"
1181,Tôm Hầm Me,dessert,Italian,15,622,"rice,beef,vegetarian,sour"
1182,Rau Rang Mè,dessert,Chinese,10,783,"mushroom,bread,family,tofu"
1183,Cua Kho Ớt,salad,Japanese,40,294,"bread,dessert,rice,quick"
1184,Bò Sốt Gừng,dessert,French,90,734,"low_carb,sweet,bread,easy"
1185,Cua Hấp Tiêu,soup,American,40,163,"gluten_free,healthy,weekend,salad"
1186,Mực Kho Ớt,main,Chinese,90,777,"baked,sweet,pork,dairy_free"
1187,Gà Xào Me,main,Mexican,40,607,"snack,quick_lunch,soup,rice"
1188,Rau Nướng Dừa,noodle,Vietnamese,90,546,"spicy,romantic,sweet,seafood"
1189,Gà Sốt Dừa,rice,Thai,20,167,"pork,high_protein,sweet,tet"
1190,Cá Kho Phô Mai,noodle,Japanese,20,447,"baked,soup,festive,tet"
1191,Mực Sốt Mè,main,Vietnamese,30,116,"romantic,dairy_free,noodle,easy"
1192,Bò Chiên Gừng,main,American,10,204,"quick,weekend,pork,bread"
1193,Nấm Nướng Me,appetizer,American,60,744,"fried,party,romantic,gluten_free"
1194,Heo Sốt Ớt,soup,Mexican,10,773,"tofu,tet,soup,healthy"
1195,Gà Kho Tỏi,salad,French,15,277,"high_protein,festive,chicken,party"
1196,Rau Hầm Tỏi,salad,Thai,90,552,"seafood,party,tofu,soup"
1197,Mực Nướng Sả,breakfast,Mexican,120,223,"romantic,dairy_free,salad,pork"
1198,Cua Xào Me,appetizer,Indian,10,144,"beef,low_carb,pork,sour"
1199,Cá Hầm Phô Mai,vegetarian,Japanese,20,422,"grilled,festive,party,high_protein"
1200,Bò Chiên Tiêu,rice,Korean,90,285,"beef,vegetable,romantic,pork"
1201,Gà Sốt Ớt,breakfast,Mexican,15,476,"noodle,dairy_free,sour,quick"
1202,Mực Chiên Dừa,dessert,Indian,90,555,"rice,festive,noodle,tet"
1203,Heo Sốt Nước Mắm,soup,Chinese,30,468,"soup,snack,vegan,grilled"
1204,Nấm Chiên Me,soup,Mexican,60,581,"bread,soup,party,seafood"
1205,Tôm Kho Dừa,soup,French,60,476,"pork,egg,high_protein,bread"
1206,Tôm Xào Gừng,rice,Thai,40,612,"dessert,vegetable,egg,pork"
1207,Gà Chiên Me,breakfast,Japanese,15,643,"party,tofu,dessert,soup"
1208,Cua Nướng Nước Mắm,dessert,Indian,10,214,"healthy,gluten_free,seafood,vegan"
1209,Tôm Kho Tiêu,salad,Thai,120,778,"seafood,weekend,steamed,tofu"
1210,Bò Sốt Ớt,rice,Vietnamese,90,155,"grilled,salad,healthy,steamed"
1211,Cá Hấp Phô Mai,breakfast,Indian,30,719,"vegan,romantic,sour,tet"
1212,Đậu Hấp Phô Mai,breakfast,Japanese,40,447,"gluten_free,quick,party,quick_lunch"
1213,Đậu Hầm Mè,breakfast,French,15,727,"sour,tet,romantic,grilled"
1214,Gà Chiên Gừng,rice,Japanese,120,441,"bread,easy,high_protein,tet"
1215,Nấm Rang Dừa,dessert,Vietnamese,20,735,"weekend,mushroom,baked,vegetable"
1216,Cá Sốt Me,healthy,American,10,420,"easy,chicken,snack,vegetable"
1217,Mực Rang Me,vegetarian,American,10,224,"festive,bread,vegetable,sour"
1218,Đậu Chiên Dừa,vegetarian,Indian,90,656,"sweet,festive,healthy,pork"
1219,Nấm Kho Sả,rice,Vietnamese,10,228,"noodle,steamed,snack,egg"
1220,Rau Nướng Me,dessert,Indian,10,391,"sweet,dessert,seafood,family"
1221,Heo Xào Me,appetizer,Thai,40,684,"quick_lunch,beef,snack,healthy"
1222,Rau Sốt Ớt,vegetarian,Thai,120,357,"baked,low_carb,festive,egg"
1223,Gà Kho Dừa,breakfast,Vietnamese,45,184,"romantic,bread,easy,chicken"
1224,Gà Nướng Me,soup,Japanese,40,133,"sour,vegan,gluten_free,dairy_free"
1225,Cá Rang Sả,noodle,Vietnamese,10,368,"beef,high_protein,bread,gluten_free"
1226,Tôm Hầm Dừa,noodle,Vietnamese,20,256,"weekend,chicken,party,vegetarian"
1227,Gà Xào Me,healthy,Italian,20,759,"chicken,festive,spicy,rice"
1228,Cá Sốt Dừa,breakfast,French,45,628,"weekend,rice,baked,easy"
1229,Heo Sốt Ớt,vegetarian,Vietnamese,45,328,"family,gluten_free,high_protein,vegetarian"
1230,Cua Xào Dừa,soup,Indian,10,537,"romantic,family,beef,dairy_free"
1231,Bò Nướng Sả,rice,Thai,90,523,"low_carb,healthy,noodle,rice"
1232,Heo Kho Tiêu,soup,Vietnamese,120,581,"snack,easy,pork,dairy_free"
1233,Tôm Nướng Tiêu,vegetarian,Vietnamese,90,120,"dairy_free,chicken,easy,baked"
1234,Tôm Hấp Sả,appetizer,American,120,461,"egg,festive,low_carb,weekend"
1235,Cá Chiên Phô Mai,vegetarian,Vietnamese,60,685,"grilled,festive,vegetable,dairy_free"
1236,Nấm Hầm Tiêu,healthy,Chinese,90,771,"soup,vegetarian,quick_lunch,healthy"
1237,Tôm Sốt Ớt,noodle,Italian,10,792,"vegetarian,bread,high_protein,festive"
1238,Mực Nướng Tiêu,appetizer,Italian,15,177,"fried,gluten_free,romantic,high_protein"
1239,Mực Hầm Ớt,dessert,French,10,173,"healthy,vegetarian,weekend,mushroom"
1240,Gà Kho Dừa,rice,French,45,335,"sour,salad,healthy,high_protein"
1241,Bò Hấp Nước Mắm,vegetarian,Japanese,90,186,"gluten_free,egg,weekend,mushroom"
1242,Đậu Kho Dừa,dessert,Thai,90,797,"festive,dairy_free,sweet,sour"
1243,Cá Kho Tiêu,appetizer,Japanese,45,677,"chicken,grilled,dairy_free,tofu"
1244,Gà Hầm Phô Mai,appetizer,Japanese,90,495,"beef,mushroom,romantic,spicy"
1245,Nấm Xào Phô Mai,vegetarian,French,30,294,"low_carb,spicy,family,steamed"
1246,Cua Kho Tỏi,vegetarian,American,30,206,"salad,tet,party,rice"
1247,Cua Xào Me,main,American,30,590,"snack,salad,noodle,vegan"
1248,Nấm Sốt Me,main,Thai,60,738,"sweet,pork,grilled,tet"
1249,Đậu Sốt Me,healthy,Japanese,45,207,"sweet,rice,grilled,baked"
1250,Cá Nướng Tỏi,soup,Japanese,30,173,"weekend,festive,quick,low_carb"
1251,Rau Chiên Sả,main,Korean,45,172,"romantic,vegan,chicken,tofu"
1252,Cá Kho Tỏi,appetizer,Japanese,90,443,"rice,pork,seafood,festive"
1253,Đậu Chiên Nước Mắm,salad,Chinese,60,410,"mushroom,dessert,baked,festive"
1254,Bò Rang Dừa,appetizer,Chinese,30,416,"tet,sour,fried,rice"
1255,Tôm Chiên Ớt,salad,Thai,20,264,"steamed,healthy,salad,vegetable"
1256,Tôm Chiên Me,vegetarian,Korean,40,688,"steamed,fried,festive,family"
1257,Tôm Hầm Dừa,soup,Chinese,45,655,"rice,dessert,pork,party"
1258,Rau Rang Mè,noodle,French,20,323,"egg,seafood,bread,grilled"
1259,Rau Sốt Dừa,rice,Japanese,10,117,"fried,baked,beef,weekend"
1260,Rau Hấp Gừng,breakfast,Chinese,45,339,"steamed,quick_lunch,beef,vegetarian"
1261,Gà Chiên Tiêu,breakfast,Indian,30,500,"beef,vegan,baked,fried"
1262,Đậu Chiên Sả,healthy,Italian,10,327,"steamed,romantic,mushroom,vegetable"
1263,Đậu Chiên Sả,soup,Korean,20,595,"tet,beef,egg,dairy_free"
1264,Gà Nướng Tiêu,vegetarian,American,10,707,"pork,low_carb,festive,vegan"
1265,Cá Nướng Nước Mắm,salad,Chinese,40,286,"high_protein,dairy_free,noodle,vegan"
1266,Đậu Hầm Mè,vegetarian,French,90,307,"chicken,dessert,salad,fried"
1267,Tôm Rang Nước Mắm,healthy,Mexican,90,591,"easy,grilled,pork,bread"
1268,Bò Hầm Gừng,salad,Korean,60,380,"sweet,quick_lunch,salad,party"
1269,Mực Kho Tiêu,rice,Thai,40,191,"vegetarian,noodle,sour,weekend"
1270,Mực Hầm Gừng,noodle,French,60,283,"vegetable,steamed,soup,vegan"
1271,Đậu Rang Mè,breakfast,Chinese,120,279,"tet,sweet,low_carb,festive"
1272,Tôm Sốt Mè,rice,Vietnamese,120,727,"party,tofu,sweet,healthy"
1273,Tôm Hầm Me,noodle,Italian,120,372,"steamed,party,chicken,soup"
1274,Cua Sốt Me,soup,American,90,652,"baked,party,gluten_free,vegan"
1275,Cá Hầm Tiêu,rice,Korean,60,785,"seafood,high_protein,party,easy"
1276,Đậu Sốt Sả,breakfast,Vietnamese,20,387,"rice,healthy,mushroom,vegetarian"
1277,Mực Hầm Ớt,main,Japanese,10,755,"seafood,noodle,snack,mushroom"
1278,Heo Xào Mè,breakfast,French,40,232,"fried,salad,pork,seafood"
1279,Heo Kho Phô Mai,noodle,Thai,120,104,"tet,romantic,egg,healthy"
1280,Gà Hấp Sả,rice,Thai,30,519,"dessert,quick_lunch,soup,baked"
1281,Cá Nướng Ớt,rice,French,60,186,"bread,salad,low_carb,pork"
1282,Cá Chiên Phô Mai,rice,American,45,279,"easy,bread,vegan,gluten_free"
1283,Cá Rang Gừng,vegetarian,Vietnamese,10,100,"dessert,chicken,low_carb,tofu"
1284,Mực Hấp Sả,main,American,20,578,"gluten_free,tet,dairy_free,high_protein"
1285,Gà Hấp Mè,breakfast,Vietnamese,15,635,"snack,vegan,egg,beef"
1286,Gà Hấp Gừng,rice,Italian,15,224,"vegan,chicken,noodle,soup"
1287,Heo Sốt Tiêu,rice,Korean,45,443,"low_carb,egg,spicy,vegetable"
1288,Rau Xào Mè,healthy,Chinese,60,798,"bread,mushroom,steamed,baked"
1289,Bò Chiên Sả,vegetarian,Chinese,10,256,"high_protein,quick,noodle,rice"
1290,Cá Nướng Mè,healthy,Indian,30,603,"healthy,noodle,salad,spicy"
1291,Heo Xào Nước Mắm,appetizer,Korean,120,131,"bread,vegetarian,romantic,quick"
1292,Đậu Hầm Ớt,breakfast,American,120,724,"high_protein,quick,bread,sweet"
1293,Gà Hấp Me,appetizer,French,10,731,"grilled,high_protein,romantic,gluten_free"
1294,Mực Nướng Dừa,soup,Thai,20,112,"soup,egg,seafood,salad"
1295,Nấm Hấp Nước Mắm,healthy,Japanese,30,416,"baked,sour,family,dessert"
1296,Cá Kho Dừa,salad,American,60,174,"mushroom,baked,seafood,dessert"
1297,Cá Sốt Ớt,dessert,French,90,592,"salad,easy,high_protein,baked"
1298,Cua Chiên Sả,vegetarian,Indian,120,586,"fried,tet,spicy,chicken"
1299,Heo Hầm Dừa,salad,Italian,10,667,"bread,dessert,sweet,mushroom"
1300,Tôm Nướng Phô Mai,dessert,Thai,40,227,"snack,party,pork,romantic"
1301,Mực Sốt Phô Mai,vegetarian,Korean,30,478,"baked,party,dairy_free,vegetable"
1302,Nấm Chiên Ớt,noodle,Chinese,45,407,"noodle,bread,vegetable,salad"
1303,Heo Xào Gừng,rice,Korean,30,225,"seafood,romantic,weekend,baked"
1304,Cua Sốt Dừa,appetizer,French,20,361,"noodle,dairy_free,seafood,bread"
1305,Đậu Rang Ớt,noodle,American,45,119,"chicken,quick_lunch,tet,low_carb"
1306,Cá Xào Tỏi,dessert,Italian,40,435,"seafood,dessert,noodle,high_protein"
1307,Tôm Kho Phô Mai,rice,Korean,120,532,"weekend,soup,gluten_free,vegetarian"
1308,Cá Xào Phô Mai,noodle,Mexican,40,442,"chicken,seafood,family,weekend"
1309,Rau Kho Mè,salad,French,90,712,"high_protein,beef,low_carb,salad"
1310,Cua Hấp Me,dessert,Mexican,60,664,"low_carb,salad,steamed,bread"
1311,Tôm Nướng Me,soup,Italian,60,666,"romantic,dairy_free,bread,grilled"
1312,Bò Sốt Sả,healthy,French,20,503,"dessert,snack,gluten_free,quick"
1313,Gà Xào Tỏi,vegetarian,Italian,60,464,"high_protein,quick_lunch,steamed,seafood"
1314,Gà Hấp Nước Mắm,noodle,American,40,155,"dessert,egg,seafood,snack"
1315,Mực Rang Me,salad,Mexican,60,757,"high_protein,baked,healthy,vegetarian"
1316,Mực Rang Me,salad,Japanese,90,418,"sweet,gluten_free,dairy_free,easy"
1317,Đậu Xào Dừa,soup,Indian,30,767,"beef,pork,steamed,seafood"
1318,Gà Sốt Me,healthy,Korean,30,634,"festive,spicy,high_protein,easy"
1319,Đậu Kho Tỏi,breakfast,French,60,239,"fried,quick_lunch,soup,tet"
1320,Bò Kho Mè,rice,Mexican,60,564,"easy,sour,vegetable,tofu"
1321,Tôm Kho Gừng,rice,Chinese,45,323,"egg,party,beef,noodle"
1322,Bò Xào Tiêu,appetizer,Indian,90,451,"baked,high_protein,bread,low_carb"
1323,Gà Sốt Sả,appetizer,Vietnamese,120,387,"vegan,soup,grilled,vegetable"
1324,Cá Hấp Mè,breakfast,Japanese,20,155,"salad,noodle,party,seafood"
1325,Cua Hầm Nước Mắm,salad,Korean,45,176,"chicken,soup,dairy_free,sour"
1326,Tôm Nướng Dừa,healthy,Vietnamese,60,798,"vegetable,egg,steamed,quick"
1327,Mực Nướng Nước Mắm,dessert,Thai,90,668,"dairy_free,soup,vegetarian,weekend"
1328,Tôm Xào Gừng,rice,Indian,15,470,"low_carb,snack,seafood,healthy"
1329,Gà Xào Ớt,appetizer,Vietnamese,40,189,"seafood,salad,vegetarian,rice"
1330,Nấm Rang Tỏi,dessert,Italian,30,460,"vegetarian,sour,high_protein,romantic"
1331,Nấm Hấp Tiêu,noodle,Mexican,30,522,"sweet,bread,quick_lunch,easy"
1332,Đậu Sốt Phô Mai,dessert,Japanese,15,225,"party,tofu,noodle,baked"
1333,Cá Hầm Gừng,breakfast,Chinese,40,226,"snack,soup,dairy_free,quick_lunch"
1334,Tôm Hầm Tỏi,rice,Vietnamese,40,445,"sour,easy,soup,high_protein"
1335,Cá Kho Mè,salad,Vietnamese,45,211,"low_carb,high_protein,spicy,tet"
1336,Cua Hầm Gừng,vegetarian,French,10,783,"bread,seafood,vegetable,tet"
1337,Bò Chiên Dừa,rice,American,10,259,"fried,soup,dessert,seafood"
1338,Cua Hầm Gừng,dessert,French,30,553,"party,snack,quick,tofu"
1339,Cua Rang Ớt,dessert,American,45,712,"snack,chicken,pork,high_protein"
1340,Rau Nướng Tiêu,salad,Thai,30,632,"party,spicy,noodle,easy"
1341,Cá Rang Nước Mắm,noodle,American,120,182,"rice,festive,vegetarian,egg"
1342,Nấm Hấp Phô Mai,main,Italian,10,523,"snack,spicy,quick,easy"
1343,Rau Hầm Mè,breakfast,Thai,15,382,"vegetarian,low_carb,sour,easy"
1344,Rau Sốt Mè,rice,Korean,40,298,"beef,high_protein,gluten_free,tet"
1345,Gà Xào Sả,healthy,Indian,20,208,"vegetable,gluten_free,healthy,vegan"
1346,Nấm Xào Me,dessert,Vietnamese,30,349,"pork,mushroom,chicken,grilled"
1347,Mực Hấp Gừng,soup,Thai,120,577,"vegetarian,chicken,mushroom,sweet"
1348,Đậu Kho Mè,salad,Korean,60,428,"weekend,mushroom,sweet,baked"
1349,Tôm Kho Tiêu,main,Chinese,45,720,"soup,vegan,romantic,fried"
1350,Đậu Rang Tỏi,salad,Chinese,15,743,"quick_lunch,vegetable,seafood,vegan"
1351,Cua Chiên Me,dessert,Thai,10,602,"beef,baked,vegetarian,egg"
1352,Mực Kho Nước Mắm,noodle,Indian,120,702,"soup,chicken,high_protein,sour"
1353,Cá Nướng Dừa,main,Thai,45,176,"sour,chicken,beef,gluten_free"
1354,Mực Kho Gừng,healthy,Indian,45,413,"egg,festive,quick,sour"
1355,Heo Hấp Tỏi,noodle,Mexican,10,483,"steamed,tofu,quick_lunch,spicy"
1356,Heo Hấp Ớt,main,Thai,120,537,"romantic,noodle,healthy,spicy"
1357,Gà Rang Gừng,healthy,American,60,726,"chicken,fried,romantic,salad"
1358,Bò Xào Mè,healthy,Korean,40,795,"low_carb,bread,noodle,vegan"
1359,Nấm Rang Tiêu,noodle,Thai,20,495,"baked,vegetable,dessert,soup"
1360,Tôm Kho Me,salad,Japanese,45,792,"noodle,grilled,seafood,vegetable"
1361,Gà Xào Me,noodle,Mexican,40,578,"low_carb,dessert,chicken,sweet"
1362,Mực Chiên Me,appetizer,American,40,157,"pork,beef,quick,salad"
1363,Mực Nướng Tiêu,soup,Chinese,60,563,"grilled,dessert,noodle,healthy"
1364,Đậu Nướng Tỏi,rice,Japanese,20,171,"low_carb,dairy_free,pork,vegetarian"
1365,Cá Chiên Me,dessert,Mexican,30,753,"gluten_free,rice,pork,quick_lunch"
1366,Đậu Sốt Dừa,main,Chinese,10,492,"quick_lunch,snack,easy,soup"
1367,Gà Hấp Me,main,Chinese,45,501,"steamed,spicy,salad,family"
1368,Gà Sốt Mè,noodle,American,20,136,"romantic,easy,steamed,seafood"
1369,Bò Sốt Gừng,rice,Italian,40,147,"snack,seafood,quick_lunch,vegetable"
1370,Heo Sốt Dừa,rice,Japanese,60,447,"healthy,snack,vegan,spicy"
1371,Gà Nướng Sả,appetizer,Indian,90,468,"seafood,sweet,mushroom,family"
1372,Cua Hầm Gừng,appetizer,Korean,30,321,"tofu,mushroom,party,quick"
1373,Cá Rang Tiêu,rice,Thai,40,331,"bread,beef,salad,spicy"
1374,Mực Kho Tiêu,soup,Mexican,40,151,"seafood,quick,chicken,snack"
1375,Nấm Nướng Ớt,healthy,Indian,40,373,"steamed,vegan,dessert,baked"
1376,Rau Chiên Sả,salad,Indian,90,695,"quick,rice,gluten_free,dessert"
1377,Nấm Hầm Ớt,vegetarian,Indian,30,259,"fried,sour,easy,snack"
1378,Cua Xào Phô Mai,vegetarian,Mexican,120,551,"salad,bread,gluten_free,fried"
1379,Rau Kho Ớt,vegetarian,Vietnamese,45,224,"party,egg,rice,fried"
1380,Bò Xào Gừng,vegetarian,French,15,641,"snack,rice,beef,steamed"
1381,Nấm Nướng Tiêu,main,Korean,10,611,"grilled,quick,dessert,vegetable"
1382,Cua Hầm Sả,appetizer,American,10,421,"low_carb,salad,snack,rice"
1383,Tôm Nướng Nước Mắm,salad,French,120,123,"quick,beef,baked,spicy"
1384,Tôm Xào Gừng,breakfast,Mexican,60,203,"mushroom,gluten_free,vegetable,easy"
1385,Rau Kho Gừng,appetizer,Mexican,20,617,"egg,family,soup,low_carb"
1386,Nấm Nướng Nước Mắm,breakfast,Vietnamese,20,344,"festive,quick,grilled,snack"
1387,Gà Hấp Ớt,rice,Vietnamese,20,743,"grilled,romantic,vegetable,noodle"
1388,Cá Rang Ớt,appetizer,Thai,60,428,"vegan,dairy_free,tet,beef"
1389,Rau Nướng Tiêu,healthy,Italian,30,544,"baked,rice,family,vegan"
1390,Tôm Kho Tỏi,dessert,Mexican,15,138,"sweet,romantic,vegetarian,egg"
1391,Nấm Kho Ớt,main,American,30,212,"quick,easy,chicken,beef"
1392,Mực Hầm Me,dessert,Japanese,20,551,"pork,easy,noodle,mushroom"
1393,Cá Chiên Tỏi,rice,American,90,235,"healthy,rice,high_protein,family"
1394,Cá Sốt Dừa,vegetarian,Thai,90,147,"pork,high_protein,grilled,bread"
1395,Đậu Hấp Ớt,noodle,Italian,45,499,"seafood,mushroom,tofu,noodle"
1396,Rau Sốt Me,breakfast,Korean,45,558,"spicy,baked,festive,dairy_free"
1397,Mực Nướng Sả,salad,Indian,45,623,"dairy_free,high_protein,noodle,chicken"
1398,Đậu Hầm Me,rice,Vietnamese,10,699,"low_carb,gluten_free,easy,sour"
1399,Tôm Kho Mè,appetizer,Indian,120,506,"fried,quick,vegetarian,dairy_free"
1400,Đậu Sốt Tỏi,dessert,American,30,631,"mushroom,salad,quick_lunch,family"
1401,Heo Xào Dừa,appetizer,Mexican,40,793,"party,fried,tet,dairy_free"
1402,Nấm Xào Ớt,vegetarian,Korean,60,292,"noodle,tet,salad,sour"
1403,Bò Hấp Tiêu,appetizer,American,15,711,"low_carb,egg,tofu,sweet"
1404,Gà Nướng Ớt,main,Italian,20,224,"spicy,romantic,quick_lunch,sour"
1405,Bò Kho Tỏi,salad,Vietnamese,45,307,"quick_lunch,dessert,seafood,easy"
1406,Tôm Hầm Gừng,soup,Mexican,40,561,"quick,bread,weekend,party"
1407,Cua Hầm Sả,breakfast,American,60,592,"chicken,easy,fried,weekend"
1408,Cá Chiên Dừa,dessert,Thai,15,571,"beef,steamed,spicy,noodle"
1409,Heo Sốt Gừng,soup,Italian,30,203,"egg,pork,vegan,beef"
1410,Tôm Xào Tỏi,soup,Korean,15,202,"grilled,low_carb,mushroom,tofu"
1411,Nấm Hấp Dừa,soup,Indian,40,498,"easy,salad,tet,sour"
1412,Heo Rang Gừng,rice,Thai,45,622,"salad,mushroom,egg,vegetarian"
1413,Heo Rang Me,breakfast,French,90,266,"party,vegan,beef,quick"
1414,Mực Nướng Mè,healthy,Chinese,30,547,"party,mushroom,chicken,dairy_free"
1415,Tôm Sốt Ớt,appetizer,American,90,469,"egg,fried,quick,tofu"
1416,Gà Xào Sả,rice,Indian,10,536,"noodle,tofu,snack,mushroom"
1417,Mực Kho Mè,appetizer,American,20,652,"spicy,grilled,healthy,weekend"
1418,Rau Kho Mè,noodle,Thai,10,584,"high_protein,snack,romantic,baked"
1419,Đậu Xào Phô Mai,breakfast,Indian,10,593,"easy,romantic,sweet,beef"
1420,Bò Sốt Tiêu,vegetarian,Japanese,120,765,"high_protein,rice,soup,chicken"
1421,Mực Sốt Me,salad,Vietnamese,45,541,"healthy,easy,chicken,sweet"
1422,Gà Hầm Me,noodle,Italian,45,136,"dairy_free,sour,vegetarian,vegetable"
1423,Gà Rang Nước Mắm,main,American,120,777,"vegan,soup,high_protein,party"
1424,Mực Hấp Phô Mai,salad,Mexican,15,306,"pork,quick,sweet,snack"
1425,Nấm Nướng Nước Mắm,soup,Korean,20,352,"tet,pork,vegan,seafood"
1426,Nấm Nướng Gừng,soup,Italian,10,202,"vegan,tet,rice,mushroom"
1427,Cá Hầm Sả,soup,Japanese,90,626,"soup,egg,party,low_carb"
1428,Cua Hấp Phô Mai,dessert,Vietnamese,20,192,"tofu,healthy,mushroom,beef"
1429,Đậu Xào Ớt,main,American,45,232,"sour,soup,dessert,mushroom"
1430,Gà Nướng Nước Mắm,noodle,Chinese,30,131,"weekend,high_protein,salad,sweet"
1431,Heo Hấp Nước Mắm,vegetarian,Chinese,120,667,"chicken,tofu,fried,quick"
1432,Rau Hấp Ớt,dessert,American,30,664,"weekend,soup,romantic,pork"
1433,Rau Rang Gừng,main,Chinese,15,147,"quick_lunch,bread,grilled,dairy_free"
1434,Rau Nướng Tiêu,appetizer,Thai,15,571,"weekend,steamed,baked,pork"
1435,Heo Chiên Tiêu,appetizer,Mexican,10,785,"chicken,festive,bread,salad"
1436,Nấm Kho Nước Mắm,vegetarian,Japanese,45,450,"egg,bread,festive,fried"
1437,Tôm Xào Nước Mắm,salad,Italian,120,614,"quick_lunch,noodle,healthy,mushroom"
1438,Bò Hấp Dừa,vegetarian,Thai,30,107,"romantic,low_carb,vegetable,steamed"
1439,Gà Kho Mè,soup,Thai,40,278,"healthy,rice,dessert,chicken"
1440,Rau Nướng Nước Mắm,breakfast,Thai,10,131,"romantic,easy,tet,healthy"
1441,Mực Xào Nước Mắm,breakfast,Indian,10,606,"egg,snack,sour,fried"
1442,Rau Hầm Gừng,dessert,Mexican,20,569,"healthy,vegetarian,bread,vegan"
1443,Đậu Chiên Mè,main,Italian,20,708,"vegan,vegetable,low_carb,salad"
1444,Đậu Kho Phô Mai,appetizer,Thai,40,725,"grilled,egg,vegetable,high_protein"
1445,Nấm Xào Phô Mai,salad,American,40,454,"seafood,family,baked,quick"
1446,Tôm Chiên Mè,dessert,Thai,60,110,"dessert,soup,tofu,bread"
1447,Mực Nướng Phô Mai,appetizer,Mexican,10,191,"family,vegetarian,easy,romantic"
1448,Mực Hấp Phô Mai,soup,American,40,607,"bread,dessert,steamed,quick"
1449,Tôm Sốt Tiêu,dessert,French,40,382,"soup,vegetarian,chicken,egg"
1450,Heo Xào Mè,noodle,Chinese,120,147,"sour,pork,rice,healthy"
1451,Bò Nướng Gừng,rice,American,120,498,"low_carb,dessert,party,vegetarian"
1452,Bò Hầm Tỏi,appetizer,Mexican,40,343,"fried,healthy,seafood,family"
1453,Bò Rang Nước Mắm,salad,Italian,120,761,"vegan,vegetable,bread,salad"
1454,Đậu Nướng Tỏi,healthy,French,20,181,"vegetable,quick,pork,egg"
1455,Heo Kho Gừng,noodle,Thai,20,431,"weekend,dairy_free,healthy,soup"
1456,Gà Rang Tỏi,vegetarian,Chinese,90,199,"rice,romantic,party,festive"
1457,Tôm Rang Tỏi,healthy,Indian,90,253,"rice,gluten_free,chicken,easy"
1458,Đậu Chiên Gừng,main,French,45,649,"tet,beef,rice,high_protein"
1459,Cá Nướng Tiêu,vegetarian,American,120,773,"high_protein,tofu,bread,soup"
1460,Đậu Hầm Dừa,soup,Italian,45,708,"festive,fried,tofu,easy"
1461,Cá Rang Gừng,appetizer,Indian,10,294,"pork,noodle,dessert,fried"
1462,Mực Xào Me,soup,Thai,30,383,"sour,sweet,pork,rice"
1463,Nấm Nướng Sả,salad,Italian,60,114,"festive,seafood,dairy_free,quick_lunch"
1464,Heo Xào Sả,noodle,Italian,40,653,"grilled,baked,egg,soup"
1465,Gà Hấp Ớt,appetizer,Indian,20,585,"healthy,seafood,vegetable,snack"
1466,Cua Hấp Mè,rice,American,60,628,"quick,family,baked,fried"
1467,Bò Hấp Nước Mắm,soup,American,40,728,"quick_lunch,dairy_free,steamed,easy"
1468,Heo Kho Ớt,appetizer,Indian,60,475,"dairy_free,grilled,pork,dessert"
1469,Cua Hầm Tiêu,noodle,Mexican,90,590,"grilled,healthy,pork,quick"
1470,Đậu Sốt Gừng,salad,Japanese,15,472,"party,egg,beef,soup"
1471,Nấm Rang Sả,dessert,Italian,40,400,"snack,sour,noodle,high_protein"
1472,Bò Xào Dừa,vegetarian,Chinese,120,789,"quick_lunch,egg,vegetarian,tofu"
1473,Bò Chiên Tiêu,salad,Vietnamese,40,630,"snack,vegan,vegetarian,quick_lunch"
1474,Nấm Chiên Gừng,noodle,American,120,314,"healthy,vegetable,low_carb,salad"
1475,Gà Hầm Sả,healthy,Mexican,90,160,"vegan,mushroom,tofu,snack"
1476,Tôm Rang Mè,salad,Thai,90,270,"spicy,beef,gluten_free,party"
1477,Gà Rang Tiêu,breakfast,Vietnamese,10,319,"baked,fried,vegan,seafood"
1478,Đậu Xào Dừa,main,American,10,797,"sweet,high_protein,grilled,tofu"
1479,Cá Hầm Gừng,appetizer,Mexican,20,326,"romantic,weekend,party,fried"
1480,Nấm Chiên Tỏi,vegetarian,American,15,303,"beef,egg,noodle,seafood"
1481,Đậu Chiên Sả,salad,Italian,10,787,"seafood,baked,dairy_free,family"
1482,Cua Hầm Tiêu,rice,Indian,60,699,"gluten_free,tofu,baked,party"
1483,Tôm Nướng Dừa,noodle,Chinese,10,400,"bread,mushroom,salad,dessert"
1484,Đậu Kho Me,healthy,Thai,120,413,"low_carb,festive,romantic,party"
1485,Bò Nướng Tiêu,salad,Korean,40,209,"low_carb,salad,vegetable,rice"
1486,Bò Sốt Me,noodle,Mexican,20,790,"fried,easy,high_protein,vegetarian"
1487,Bò Rang Dừa,appetizer,French,15,580,"weekend,mushroom,tofu,dairy_free"
1488,Gà Nướng Me,healthy,Mexican,60,533,"rice,low_carb,beef,egg"
1489,Cua Sốt Sả,appetizer,Mexican,40,635,"party,gluten_free,soup,beef"
1490,Nấm Sốt Mè,healthy,American,60,521,"egg,snack,party,grilled"
1491,Mực Sốt Mè,soup,Mexican,120,265,"noodle,family,easy,fried"
1492,Cua Sốt Mè,noodle,American,30,231,"mushroom,quick,baked,weekend"
1493,Cua Hầm Me,salad,Mexican,20,639,"chicken,healthy,noodle,tofu"
1494,Cá Chiên Nước Mắm,dessert,Italian,90,456,"vegetarian,steamed,vegan,quick_lunch"
1495,Cua Hấp Sả,main,Mexican,90,783,"dairy_free,quick_lunch,festive,grilled"
1496,Bò Rang Tiêu,rice,French,30,181,"family,gluten_free,chicken,vegetarian"
1497,Cá Sốt Nước Mắm,soup,American,90,628,"easy,party,mushroom,tet"
1498,Nấm Nướng Dừa,soup,Mexican,90,542,"tet,quick,romantic,baked"
1499,Rau Nướng Tiêu,noodle,Korean,30,235,"sour,steamed,snack,dessert"
1500,Đậu Nướng Phô Mai,rice,American,15,208,"weekend,fried,tofu,dessert"
1501,Gà Xào Gừng,rice,Mexican,120,263,"vegetarian,egg,quick,gluten_free"
1502,Cua Hấp Phô Mai,salad,Thai,120,534,"steamed,sweet,easy,noodle"
1503,Bò Sốt Me,main,Korean,90,412,"easy,gluten_free,dessert,tofu"
1504,Rau Sốt Tỏi,breakfast,Chinese,45,466,"healthy,dessert,rice,beef"
1505,Bò Xào Mè,healthy,French,90,173,"vegetarian,baked,dessert,dairy_free"
1506,Rau Chiên Nước Mắm,soup,Japanese,40,765,"rice,romantic,grilled,snack"
1507,Cá Xào Tiêu,dessert,Japanese,30,449,"mushroom,easy,high_protein,quick_lunch"
1508,Cua Xào Tỏi,vegetarian,American,60,751,"low_carb,salad,bread,spicy"
1509,Gà Xào Nước Mắm,breakfast,Italian,45,427,"family,festive,beef,mushroom"
1510,Tôm Nướng Dừa,dessert,Mexican,10,623,"vegan,bread,mushroom,tet"
1511,Heo Sốt Me,healthy,Italian,45,494,"pork,tet,high_protein,vegetable"
1512,Cá Nướng Dừa,noodle,Italian,60,479,"family,chicken,pork,fried"
1513,Đậu Sốt Nước Mắm,salad,Japanese,45,228,"weekend,tofu,vegan,high_protein"
1514,Cá Hấp Nước Mắm,salad,Japanese,10,445,"healthy,egg,tofu,fried"
1515,Gà Xào Tiêu,soup,Thai,60,136,"egg,beef,vegetable,weekend"
1516,Nấm Xào Tiêu,dessert,Italian,20,323,"quick_lunch,soup,pork,fried"
1517,Cá Hầm Mè,rice,Japanese,60,685,"beef,sour,bread,easy"
1518,Bò Hấp Tỏi,soup,Chinese,120,181,"tofu,weekend,seafood,dairy_free"
1519,Cá Hấp Ớt,noodle,Japanese,45,129,"tet,noodle,steamed,spicy"
1520,Nấm Hầm Mè,rice,Vietnamese,45,463,"low_carb,quick,dairy_free,chicken"
1521,Mực Sốt Gừng,soup,Vietnamese,15,158,"sour,quick_lunch,beef,dessert"
1522,Đậu Chiên Nước Mắm,salad,Korean,40,710,"high_protein,seafood,vegetarian,party"
1523,Bò Hầm Phô Mai,breakfast,Chinese,60,428,"vegetable,quick_lunch,romantic,family"
1524,Cua Nướng Ớt,healthy,American,90,120,"grilled,vegetarian,seafood,high_protein"
1525,Mực Rang Dừa,rice,French,90,545,"tet,vegan,snack,weekend"
1526,Gà Nướng Sả,rice,Italian,20,676,"snack,festive,fried,tet"
1527,Cua Chiên Me,main,Japanese,15,703,"gluten_free,spicy,chicken,vegetarian"
1528,Cua Sốt Sả,breakfast,Korean,45,254,"seafood,festive,vegetarian,salad"
1529,Heo Xào Phô Mai,noodle,Indian,45,772,"bread,high_protein,healthy,salad"
1530,Heo Kho Phô Mai,dessert,Italian,60,141,"spicy,salad,chicken,low_carb"
1531,Cá Nướng Me,healthy,French,10,197,"weekend,vegetarian,low_carb,tofu"
1532,Heo Xào Phô Mai,vegetarian,Mexican,60,392,"dessert,high_protein,vegetable,spicy"
1533,Cá Chiên Phô Mai,breakfast,Indian,15,452,"fried,baked,noodle,rice"
1534,Rau Hầm Ớt,breakfast,Japanese,120,629,"chicken,spicy,snack,bread"
1535,Bò Xào Nước Mắm,noodle,Vietnamese,40,233,"chicken,weekend,vegetarian,pork"
1536,Đậu Hấp Tỏi,soup,American,60,371,"steamed,quick_lunch,weekend,snack"
1537,Nấm Nướng Sả,breakfast,Korean,20,756,"vegetable,weekend,fried,beef"
1538,Cá Kho Gừng,rice,Indian,45,508,"quick,bread,steamed,baked"
1539,Heo Nướng Phô Mai,noodle,Thai,15,481,"family,dessert,spicy,fried"
1540,Nấm Hầm Dừa,soup,Italian,20,423,"low_carb,tet,seafood,snack"
1541,Tôm Hầm Sả,healthy,Japanese,10,443,"beef,tet,fried,bread"
1542,Nấm Chiên Nước Mắm,salad,Vietnamese,10,550,"noodle,sour,vegetarian,chicken"
1543,Rau Nướng Ớt,rice,Korean,10,692,"tofu,bread,fried,grilled"
1544,Cua Hấp Dừa,vegetarian,Mexican,10,568,"quick_lunch,vegetarian,seafood,quick"
1545,Gà Xào Me,salad,French,20,278,"vegan,tofu,weekend,soup"
1546,Cua Hầm Ớt,dessert,Chinese,60,728,"romantic,steamed,soup,low_carb"
1547,Cua Hấp Phô Mai,soup,Vietnamese,20,613,"tet,healthy,salad,pork"
1548,Bò Rang Mè,salad,Chinese,40,647,"chicken,quick,family,easy"
1549,Gà Xào Phô Mai,salad,Japanese,90,525,"vegetarian,bread,vegetable,party"
1550,Bò Chiên Ớt,breakfast,French,90,472,"quick_lunch,easy,steamed,gluten_free"
1551,Gà Hấp Nước Mắm,dessert,Italian,30,174,"baked,snack,soup,healthy"
1552,Đậu Kho Mè,rice,Chinese,15,214,"romantic,sour,chicken,tofu"
1553,Mực Nướng Ớt,main,Chinese,30,343,"chicken,weekend,vegetarian,party"
1554,Cá Sốt Tỏi,healthy,Indian,10,728,"romantic,salad,low_carb,baked"
1555,Đậu Hấp Me,rice,Indian,45,539,"gluten_free,snack,vegan,low_carb"
1556,Heo Kho Dừa,salad,Italian,40,666,"salad,egg,weekend,noodle"
1557,Rau Xào Mè,salad,French,20,107,"egg,grilled,snack,quick"
1558,Gà Chiên Me,vegetarian,Korean,10,373,"vegetable,gluten_free,healthy,chicken"
1559,Rau Xào Me,soup,Thai,40,506,"family,baked,salad,dessert"
1560,Đậu Xào Dừa,vegetarian,French,20,564,"high_protein,spicy,dairy_free,baked"
1561,Mực Nướng Dừa,vegetarian,Vietnamese,15,202,"tofu,soup,festive,beef"
1562,Nấm Rang Me,soup,Indian,90,247,"spicy,family,grilled,festive"
1563,Nấm Chiên Nước Mắm,breakfast,Italian,20,735,"bread,easy,snack,weekend"
1564,Bò Hầm Tiêu,main,Japanese,30,717,"romantic,fried,soup,bread"
1565,Bò Xào Me,salad,Thai,120,439,"salad,high_protein,bread,quick_lunch"
1566,Rau Rang Sả,noodle,Japanese,120,112,"seafood,quick,baked,steamed"
1567,Đậu Hấp Tiêu,dessert,Mexican,10,153,"rice,festive,vegan,salad"
1568,Cá Hầm Dừa,dessert,French,45,358,"vegan,sour,dessert,family"
1569,Gà Hấp Mè,breakfast,Chinese,10,329,"romantic,healthy,family,party"
1570,Nấm Chiên Nước Mắm,rice,Japanese,45,184,"healthy,dessert,grilled,sour"
1571,Mực Kho Tỏi,vegetarian,Vietnamese,120,417,"quick_lunch,seafood,snack,gluten_free"
1572,Tôm Hấp Phô Mai,rice,French,15,334,"family,high_protein,egg,quick"
1573,Cua Hầm Ớt,dessert,Chinese,10,478,"dairy_free,steamed,low_carb,noodle"
1574,Rau Hấp Gừng,soup,Japanese,45,796,"grilled,rice,romantic,sweet"
1575,Tôm Hấp Mè,soup,Thai,10,789,"party,vegetarian,weekend,snack"
1576,Đậu Xào Mè,dessert,Mexican,45,695,"sour,grilled,beef,tet"
1577,Gà Xào Tiêu,noodle,Chinese,40,158,"noodle,gluten_free,family,beef"
1578,Rau Hấp Nước Mắm,appetizer,Italian,10,226,"noodle,chicken,party,salad"
1579,Mực Chiên Mè,salad,American,40,430,"party,baked,easy,bread"
1580,Bò Kho Me,salad,French,120,183,"romantic,festive,low_carb,snack"
1581,Nấm Hầm Ớt,healthy,Italian,40,203,"noodle,weekend,party,quick_lunch"
1582,Bò Hầm Mè,noodle,Italian,40,148,"grilled,tofu,beef,bread"
1583,Heo Chiên Me,healthy,Italian,30,138,"healthy,vegetarian,quick,soup"
1584,Cua Nướng Tỏi,rice,Italian,40,406,"easy,spicy,beef,family"
1585,Bò Hầm Tỏi,vegetarian,French,60,388,"quick,romantic,bread,easy"
1586,Rau Rang Phô Mai,soup,French,45,474,"low_carb,tet,vegan,vegetable"
1587,Cá Hấp Me,noodle,American,15,275,"seafood,beef,pork,vegetable"
1588,Nấm Chiên Dừa,vegetarian,American,20,394,"rice,chicken,vegetable,vegan"
1589,Cá Kho Gừng,appetizer,Chinese,20,156,"dairy_free,vegetarian,easy,quick"
1590,Rau Sốt Ớt,appetizer,American,120,415,"bread,soup,pork,dessert"
1591,Nấm Sốt Tiêu,appetizer,Thai,60,545,"party,dairy_free,weekend,quick_lunch"
1592,Cua Hấp Phô Mai,noodle,Mexican,40,521,"easy,gluten_free,bread,soup"
1593,Nấm Chiên Ớt,salad,Japanese,15,735,"quick_lunch,easy,beef,salad"
1594,Nấm Hấp Mè,dessert,Indian,30,204,"baked,mushroom,noodle,bread"
1595,Heo Sốt Me,dessert,Chinese,10,722,"vegan,festive,vegetarian,quick_lunch"
1596,Bò Rang Tiêu,rice,Korean,30,494,"spicy,pork,weekend,quick_lunch"
1597,Heo Rang Tiêu,soup,Mexican,15,196,"quick_lunch,bread,weekend,grilled"
1598,Tôm Nướng Nước Mắm,main,Italian,60,747,"romantic,vegan,chicken,salad"
1599,Cá Chiên Dừa,noodle,Italian,45,750,"easy,rice,romantic,quick"
1600,Cá Kho Gừng,soup,Thai,15,282,"healthy,noodle,vegetarian,family"
1601,Mực Chiên Phô Mai,breakfast,French,20,226,"grilled,egg,baked,steamed"
1602,Cá Xào Tiêu,vegetarian,Thai,20,454,"family,salad,tet,sweet"
1603,Cua Hấp Phô Mai,vegetarian,Indian,10,612,"salad,quick,romantic,fried"
1604,Rau Rang Ớt,salad,Korean,45,378,"spicy,vegetarian,quick_lunch,romantic"
1605,Đậu Sốt Phô Mai,soup,Mexican,45,653,"sweet,chicken,beef,high_protein"
1606,Cua Sốt Gừng,soup,Japanese,90,269,"festive,spicy,vegetarian,vegan"
1607,Mực Nướng Sả,main,Chinese,120,702,"healthy,dairy_free,party,grilled"
1608,Cá Xào Sả,noodle,Indian,45,626,"beef,high_protein,sour,egg"
1609,Nấm Hầm Dừa,appetizer,Italian,30,466,"tet,healthy,seafood,steamed"
1610,Heo Hấp Mè,healthy,Mexican,120,441,"baked,quick_lunch,pork,low_carb"
1611,Đậu Nướng Phô Mai,vegetarian,Indian,40,701,"low_carb,baked,sour,mushroom"
1612,Bò Sốt Tỏi,rice,Mexican,20,308,"rice,pork,dairy_free,grilled"
1613,Cá Sốt Tiêu,noodle,Indian,15,169,"baked,rice,easy,sour"
1614,Cá Xào Sả,main,Indian,15,621,"fried,salad,soup,sweet"
1615,Tôm Xào Sả,dessert,Japanese,120,682,"fried,festive,spicy,mushroom"
1616,Bò Sốt Phô Mai,vegetarian,Mexican,15,620,"festive,weekend,dessert,mushroom"
1617,Bò Nướng Nước Mắm,soup,Chinese,60,594,"gluten_free,steamed,fried,dessert"
1618,Bò Sốt Phô Mai,healthy,Italian,15,367,"romantic,soup,tofu,pork"
1619,Rau Kho Mè,healthy,Japanese,90,193,"steamed,vegetable,family,sour"
1620,Đậu Kho Tiêu,noodle,Mexican,120,345,"egg,soup,spicy,grilled"
1621,Gà Hầm Nước Mắm,healthy,Japanese,10,673,"fried,tofu,easy,bread"
1622,Mực Hấp Me,rice,Vietnamese,45,242,"pork,grilled,mushroom,salad"
1623,Cua Xào Tiêu,soup,Mexican,120,687,"spicy,baked,pork,sour"
1624,Cá Rang Me,appetizer,Thai,90,551,"steamed,sweet,quick,egg"
1625,Tôm Xào Mè,soup,Thai,40,666,"baked,grilled,steamed,beef"
1626,Gà Rang Tỏi,salad,Vietnamese,15,185,"quick_lunch,baked,beef,chicken"
1627,Rau Sốt Nước Mắm,breakfast,American,45,194,"romantic,high_protein,quick,dessert"
1628,Mực Xào Phô Mai,salad,Thai,60,682,"tofu,easy,vegetable,pork"
1629,Cá Sốt Tỏi,rice,French,15,771,"high_protein,bread,soup,tet"
1630,Mực Sốt Mè,breakfast,Indian,40,477,"grilled,family,steamed,sour"
1631,Gà Hấp Nước Mắm,soup,American,90,783,"party,snack,bread,quick_lunch"
1632,Gà Hấp Mè,soup,Italian,60,246,"party,sweet,high_protein,weekend"
1633,Mực Hầm Tỏi,healthy,French,120,197,"quick,beef,vegan,family"
1634,Đậu Xào Phô Mai,main,Korean,45,213,"steamed,festive,baked,romantic"
1635,Đậu Hấp Gừng,dessert,Chinese,45,167,"chicken,dessert,noodle,low_carb"
1636,Heo Hấp Tỏi,noodle,Italian,20,307,"dessert,tet,romantic,vegetable"
1637,Rau Nướng Ớt,appetizer,Korean,40,213,"family,beef,dessert,vegetable"
1638,Tôm Sốt Gừng,noodle,American,10,678,"rice,vegetarian,salad,chicken"
1639,Heo Sốt Dừa,noodle,Indian,120,233,"steamed,salad,rice,egg"
1640,Rau Sốt Tiêu,breakfast,Thai,30,667,"bread,low_carb,family,spicy"
1641,Rau Xào Nước Mắm,vegetarian,Vietnamese,60,511,"vegetable,noodle,seafood,gluten_free"
1642,Nấm Chiên Dừa,healthy,French,15,393,"tofu,low_carb,family,sweet"
1643,Nấm Rang Ớt,salad,Indian,40,170,"snack,soup,vegetarian,bread"
1644,Gà Xào Ớt,appetizer,French,15,178,"tet,sweet,egg,tofu"
1645,Heo Rang Ớt,noodle,Japanese,120,385,"sweet,weekend,high_protein,romantic"
1646,Bò Sốt Gừng,rice,American,15,370,"dairy_free,tofu,low_carb,grilled"
1647,Nấm Hấp Mè,rice,American,30,121,"easy,romantic,festive,spicy"
1648,Nấm Hấp Nước Mắm,main,Japanese,20,572,"bread,soup,sweet,grilled"
1649,Bò Chiên Dừa,rice,Japanese,30,702,"sour,snack,party,mushroom"
1650,Cá Kho Tỏi,dessert,Indian,10,270,"steamed,festive,spicy,tet"
1651,Rau Rang Mè,healthy,Japanese,20,252,"noodle,spicy,rice,fried"
1652,Cá Kho Phô Mai,noodle,Indian,20,604,"pork,fried,baked,dairy_free"
1653,Bò Hấp Sả,appetizer,Korean,90,538,"tet,sour,sweet,festive"
1654,Cua Xào Phô Mai,vegetarian,Thai,20,754,"rice,salad,tet,baked"
1655,Cua Hấp Ớt,main,Korean,20,532,"dairy_free,party,dessert,noodle"
1656,Cá Nướng Tiêu,noodle,Vietnamese,45,504,"healthy,easy,vegan,quick_lunch"
1657,Tôm Sốt Phô Mai,soup,American,10,710,"tet,bread,dairy_free,steamed"
1658,Tôm Sốt Tỏi,dessert,Chinese,120,353,"festive,low_carb,dessert,quick"
1659,Tôm Xào Tiêu,dessert,American,45,658,"snack,spicy,sour,mushroom"
1660,Gà Sốt Tiêu,soup,Indian,120,680,"snack,tofu,seafood,egg"
1661,Heo Nướng Phô Mai,rice,Chinese,45,442,"salad,fried,festive,low_carb"
1662,Bò Nướng Nước Mắm,dessert,Vietnamese,15,237,"party,seafood,steamed,sour"
1663,Đậu Kho Sả,vegetarian,Korean,10,211,"vegan,bread,weekend,quick"
1664,Bò Hầm Gừng,noodle,French,60,750,"steamed,high_protein,festive,pork"
1665,Heo Xào Me,dessert,Vietnamese,15,170,"fried,snack,vegetable,healthy"
1666,Đậu Sốt Tiêu,appetizer,French,15,512,"fried,soup,tofu,family"
1667,Gà Xào Gừng,soup,French,40,213,"quick,snack,egg,high_protein"
1668,Gà Sốt Phô Mai,appetizer,Japanese,10,676,"high_protein,romantic,tofu,rice"
1669,Cá Nướng Gừng,main,Mexican,40,360,"tet,seafood,bread,vegetable"
1670,Cá Xào Nước Mắm,main,Thai,60,460,"grilled,quick,dairy_free,family"
1671,Tôm Xào Ớt,healthy,Thai,30,109,"high_protein,mushroom,tofu,pork"
1672,Nấm Hầm Gừng,rice,Mexican,10,108,"family,sweet,grilled,tet"
1673,Gà Xào Mè,rice,Korean,45,541,"snack,quick,dairy_free,gluten_free"
1674,Nấm Hấp Nước Mắm,salad,Italian,20,239,"dairy_free,noodle,gluten_free,baked"
1675,Cá Nướng Nước Mắm,noodle,Thai,30,344,"festive,soup,romantic,chicken"
1676,Đậu Chiên Dừa,healthy,Mexican,10,302,"romantic,snack,vegetarian,chicken"
1677,Gà Nướng Sả,soup,Japanese,20,469,"quick_lunch,sweet,dessert,spicy"
1678,Tôm Hầm Tỏi,healthy,Korean,40,238,"fried,vegetarian,easy,vegan"
1679,Bò Rang Nước Mắm,soup,Korean,10,586,"healthy,chicken,mushroom,romantic"
1680,Bò Sốt Gừng,salad,Vietnamese,60,439,"noodle,easy,weekend,egg"
1681,Rau Sốt Dừa,rice,American,45,506,"steamed,mushroom,party,rice"
1682,Gà Sốt Sả,soup,Korean,40,544,"egg,soup,grilled,sour"
1683,Rau Chiên Phô Mai,breakfast,Indian,60,381,"quick_lunch,egg,family,low_carb"
1684,Heo Hầm Me,soup,Italian,60,147,"easy,chicken,vegetable,tet"
1685,Nấm Hầm Sả,salad,Thai,30,633,"chicken,salad,sweet,dessert"
1686,Bò Chiên Dừa,noodle,Korean,10,543,"steamed,quick,salad,grilled"
1687,Tôm Xào Me,noodle,Korean,20,138,"seafood,festive,low_carb,snack"
1688,Gà Nướng Dừa,appetizer,Chinese,15,302,"salad,seafood,spicy,rice"
1689,Cua Kho Ớt,salad,Italian,45,537,"rice,low_carb,spicy,sour"
1690,Bò Kho Ớt,vegetarian,Italian,90,568,"healthy,low_carb,steamed,high_protein"
1691,Rau Xào Nước Mắm,rice,Indian,10,392,"noodle,snack,seafood,tofu"
1692,Bò Chiên Ớt,appetizer,Vietnamese,20,797,"dairy_free,sweet,low_carb,high_protein"
1693,Đậu Xào Gừng,vegetarian,American,20,405,"vegetable,baked,easy,steamed"
1694,Nấm Hấp Tiêu,noodle,Chinese,10,164,"chicken,healthy,soup,quick_lunch"
1695,Nấm Nướng Tiêu,appetizer,Italian,60,434,"salad,spicy,gluten_free,steamed"
1696,Heo Xào Mè,appetizer,Italian,40,138,"spicy,festive,steamed,chicken"
1697,Gà Hầm Tiêu,breakfast,American,30,416,"grilled,sour,vegan,seafood"
1698,Bò Chiên Phô Mai,appetizer,Japanese,15,785,"weekend,fried,noodle,party"
1699,Tôm Kho Tiêu,appetizer,Korean,90,621,"festive,spicy,weekend,quick"
1700,Bò Kho Gừng,healthy,Korean,60,509,"tofu,snack,spicy,steamed"
1701,Đậu Chiên Sả,soup,Chinese,30,794,"salad,beef,dessert,family"
1702,Đậu Rang Dừa,dessert,Mexican,45,521,"festive,fried,bread,seafood"
1703,Bò Hấp Sả,main,French,10,103,"romantic,soup,weekend,fried"
1704,Tôm Chiên Tiêu,vegetarian,American,15,521,"vegetarian,party,bread,soup"
1705,Cua Hấp Phô Mai,appetizer,Italian,10,674,"party,quick,vegan,salad"
1706,Heo Rang Me,salad,Chinese,45,507,"healthy,party,vegetable,quick"
1707,Bò Sốt Tiêu,vegetarian,Thai,10,711,"easy,mushroom,noodle,soup"
1708,Tôm Kho Phô Mai,main,Mexican,10,545,"festive,chicken,low_carb,steamed"
1709,Gà Sốt Dừa,salad,Indian,30,662,"snack,pork,festive,mushroom"
1710,Đậu Nướng Mè,soup,Thai,40,294,"baked,egg,low_carb,vegan"
1711,Bò Xào Nước Mắm,soup,Italian,40,501,"soup,vegetarian,festive,snack"
1712,Đậu Chiên Sả,rice,Chinese,120,629,"chicken,high_protein,vegetable,easy"
1713,Mực Chiên Gừng,noodle,Chinese,45,605,"sweet,high_protein,tet,soup"
1714,Cua Hầm Phô Mai,breakfast,American,20,554,"seafood,tet,high_protein,bread"
1715,Bò Sốt Sả,rice,Indian,20,264,"steamed,mushroom,beef,soup"
1716,Heo Sốt Mè,appetizer,American,20,549,"noodle,grilled,quick,gluten_free"
1717,Nấm Chiên Tiêu,salad,Mexican,60,714,"grilled,soup,romantic,gluten_free"
1718,Heo Hấp Me,main,Mexican,40,239,"spicy,grilled,rice,low_carb"
1719,Đậu Nướng Mè,vegetarian,Chinese,20,699,"salad,tet,dairy_free,low_carb"
1720,Heo Hầm Mè,rice,Chinese,15,446,"gluten_free,low_carb,grilled,tet"
1721,Đậu Rang Ớt,salad,Japanese,30,573,"snack,easy,chicken,dairy_free"
1722,Bò Nướng Gừng,noodle,Indian,60,660,"sour,steamed,grilled,tet"
1723,Cá Kho Gừng,main,Indian,10,151,"seafood,healthy,mushroom,party"
1724,Bò Sốt Mè,salad,Japanese,90,254,"vegetarian,baked,quick_lunch,gluten_free"
1725,Bò Xào Nước Mắm,soup,Vietnamese,30,695,"beef,mushroom,salad,pork"
1726,Rau Sốt Gừng,soup,Indian,45,152,"sour,romantic,noodle,soup"
1727,Cá Nướng Me,dessert,American,40,699,"rice,beef,spicy,vegetarian"
1728,Gà Hấp Tiêu,healthy,French,40,222,"tofu,party,vegetable,rice"
1729,Heo Kho Dừa,dessert,French,90,770,"quick,tet,low_carb,party"
1730,Bò Hấp Phô Mai,rice,French,90,667,"noodle,vegetarian,quick,rice"
1731,Tôm Kho Sả,noodle,Mexican,45,271,"quick,easy,egg,grilled"
1732,Heo Xào Tỏi,breakfast,French,45,278,"pork,salad,vegetable,vegetarian"
1733,Heo Xào Dừa,salad,Indian,120,174,"gluten_free,spicy,sweet,vegetable"
1734,Mực Kho Me,healthy,Korean,15,219,"gluten_free,grilled,pork,party"
1735,Heo Hấp Gừng,appetizer,Italian,20,102,"egg,snack,party,sweet"
1736,Đậu Sốt Tỏi,vegetarian,French,15,536,"pork,soup,low_carb,vegetable"
1737,Heo Hầm Phô Mai,main,Mexican,15,222,"rice,baked,festive,spicy"
1738,Nấm Hấp Dừa,main,Mexican,120,795,"vegan,seafood,weekend,fried"
1739,Rau Kho Phô Mai,vegetarian,Japanese,15,586,"vegetable,sweet,rice,soup"
1740,Bò Hấp Tỏi,dessert,French,120,281,"salad,noodle,snack,healthy"
1741,Đậu Xào Sả,appetizer,Vietnamese,40,132,"party,festive,pork,bread"
1742,Rau Rang Mè,noodle,Thai,90,141,"salad,gluten_free,high_protein,beef"
1743,Cua Xào Mè,salad,French,20,541,"low_carb,salad,weekend,rice"
1744,Mực Xào Sả,appetizer,Indian,60,459,"sour,mushroom,beef,weekend"
1745,Bò Rang Mè,soup,American,120,142,"weekend,bread,spicy,sweet"
1746,Rau Sốt Sả,noodle,Thai,10,729,"tet,bread,vegetable,sweet"
1747,Rau Kho Tỏi,noodle,Vietnamese,90,182,"tofu,baked,bread,steamed"
1748,Đậu Rang Me,salad,American,10,123,"egg,seafood,vegan,gluten_free"
1749,Mực Hấp Gừng,breakfast,Japanese,30,202,"healthy,pork,chicken,baked"
1750,Gà Nướng Phô Mai,dessert,Japanese,120,261,"chicken,pork,easy,dessert"
1751,Tôm Hấp Dừa,breakfast,Italian,60,368,"quick,festive,grilled,mushroom"
1752,Rau Hầm Gừng,salad,Indian,40,449,"spicy,vegan,pork,grilled"
1753,Heo Nướng Sả,noodle,Indian,20,692,"weekend,quick_lunch,beef,tofu"
1754,Đậu Hầm Ớt,soup,Vietnamese,15,110,"grilled,gluten_free,snack,seafood"
1755,Cua Hầm Me,salad,Thai,10,727,"grilled,vegetarian,vegetable,dairy_free"
1756,Bò Hấp Sả,appetizer,Vietnamese,45,502,"grilled,seafood,gluten_free,steamed"
1757,Cá Hấp Mè,vegetarian,Japanese,90,217,"noodle,vegetarian,dairy_free,beef"
1758,Gà Hấp Mè,healthy,Korean,30,298,"sour,baked,steamed,soup"
1759,Gà Rang Mè,breakfast,Thai,60,535,"romantic,noodle,sour,mushroom"
1760,Cá Sốt Gừng,vegetarian,American,10,341,"egg,salad,party,vegetarian"
1761,Heo Hầm Phô Mai,healthy,Chinese,60,555,"high_protein,gluten_free,snack,pork"
1762,Đậu Chiên Tỏi,healthy,Italian,60,552,"party,tofu,mushroom,beef"
1763,Bò Nướng Tiêu,vegetarian,American,40,134,"grilled,sour,fried,soup"
1764,Heo Kho Phô Mai,healthy,Indian,30,731,"beef,festive,pork,rice"
1765,Nấm Hấp Dừa,breakfast,Thai,10,546,"party,vegan,healthy,family"
1766,Gà Nướng Mè,main,Korean,120,144,"healthy,sour,beef,festive"
1767,Gà Xào Gừng,breakfast,Indian,120,565,"grilled,rice,party,dairy_free"
1768,Đậu Hầm Ớt,dessert,Vietnamese,20,365,"noodle,salad,mushroom,vegetarian"
1769,Cá Chiên Mè,salad,Thai,40,172,"weekend,sour,beef,high_protein"
1770,Bò Kho Gừng,dessert,Thai,15,662,"healthy,vegetable,vegetarian,spicy"
1771,Nấm Hấp Gừng,dessert,Thai,45,382,"low_carb,tofu,quick,sour"
1772,Đậu Hầm Tiêu,breakfast,American,15,500,"quick_lunch,tet,sweet,vegetable"
1773,Đậu Hầm Mè,dessert,Indian,60,303,"steamed,rice,spicy,bread"
1774,Heo Kho Mè,rice,Korean,90,216,"salad,vegan,party,egg"
1775,Cá Nướng Dừa,soup,Indian,90,442,"romantic,bread,party,gluten_free"
1776,Nấm Sốt Mè,healthy,French,45,692,"mushroom,easy,romantic,festive"
1777,Cua Xào Mè,appetizer,Thai,45,315,"family,high_protein,gluten_free,weekend"
1778,Rau Nướng Ớt,salad,Indian,15,551,"tet,vegetarian,festive,family"
1779,Cá Rang Ớt,salad,Korean,15,595,"grilled,tofu,chicken,sweet"
1780,Nấm Chiên Phô Mai,vegetarian,American,120,675,"seafood,high_protein,festive,salad"
1781,Cua Nướng Me,vegetarian,French,15,577,"family,noodle,sweet,snack"
1782,Tôm Rang Tiêu,appetizer,Korean,120,624,"vegan,gluten_free,quick,tofu"
1783,Rau Kho Dừa,salad,Vietnamese,30,284,"sweet,seafood,party,tofu"
1784,Rau Xào Me,main,French,15,394,"party,healthy,quick_lunch,gluten_free"
1785,Nấm Xào Sả,dessert,Italian,90,709,"quick_lunch,vegetarian,weekend,sweet"
1786,Mực Kho Mè,rice,French,10,564,"dessert,grilled,bread,chicken"
1787,Cá Hầm Mè,breakfast,Indian,20,717,"easy,pork,romantic,soup"
1788,Cua Xào Gừng,appetizer,Korean,45,223,"quick,vegetable,low_carb,steamed"
1789,Heo Hấp Sả,rice,Chinese,90,604,"mushroom,fried,easy,vegetable"
1790,Gà Nướng Ớt,healthy,Mexican,15,421,"gluten_free,mushroom,snack,quick_lunch"
1791,Bò Xào Tiêu,salad,Thai,15,519,"pork,weekend,vegetable,tofu"
1792,Bò Chiên Nước Mắm,vegetarian,Korean,60,132,"high_protein,sour,egg,spicy"
1793,Cá Nướng Tỏi,healthy,French,30,311,"family,high_protein,bread,quick_lunch"
1794,Bò Chiên Nước Mắm,noodle,Vietnamese,20,435,"sweet,family,quick_lunch,seafood"
1795,Cá Xào Phô Mai,rice,Indian,30,568,"festive,sour,low_carb,high_protein"
1796,Heo Sốt Me,breakfast,Vietnamese,20,128,"tet,pork,vegan,soup"
1797,Mực Rang Ớt,breakfast,French,90,606,"spicy,seafood,family,tet"
1798,Gà Rang Dừa,breakfast,Thai,40,346,"festive,grilled,chicken,party"
1799,Mực Hầm Dừa,vegetarian,Korean,20,264,"tofu,spicy,steamed,tet"
1800,Đậu Sốt Tiêu,breakfast,Indian,90,393,"vegan,high_protein,tofu,family"
1801,Mực Rang Nước Mắm,main,Italian,45,328,"low_carb,dessert,vegan,chicken"
1802,Nấm Rang Tỏi,soup,Mexican,120,290,"sour,sweet,chicken,family"
1803,Bò Hầm Tiêu,vegetarian,Korean,15,315,"rice,gluten_free,noodle,fried"
1804,Mực Rang Me,dessert,Korean,30,223,"pork,mushroom,sour,vegan"
1805,Nấm Chiên Tiêu,healthy,French,90,236,"rice,snack,dessert,easy"
1806,Đậu Sốt Nước Mắm,rice,Italian,20,611,"sour,spicy,tofu,quick_lunch"
1807,Gà Sốt Dừa,main,Thai,30,604,"bread,vegetarian,family,healthy"
1808,Rau Hầm Nước Mắm,salad,French,10,615,"dairy_free,quick_lunch,pork,quick"
1809,Gà Hấp Tiêu,rice,Indian,30,370,"sweet,festive,dairy_free,vegetarian"
1810,Gà Rang Nước Mắm,breakfast,Italian,45,339,"snack,vegetable,chicken,spicy"
1811,Đậu Nướng Gừng,rice,American,40,107,"baked,fried,vegetable,festive"
1812,Gà Xào Sả,noodle,Thai,15,250,"family,high_protein,healthy,spicy"
1813,Gà Nướng Gừng,main,Vietnamese,120,507,"sweet,dessert,sour,vegan"
1814,Rau Chiên Tỏi,breakfast,Chinese,20,190,"soup,high_protein,grilled,tet"
1815,Đậu Nướng Phô Mai,healthy,Mexican,90,487,"rice,family,baked,salad"
1816,Mực Rang Mè,vegetarian,Thai,60,666,"family,party,bread,fried"
1817,Bò Nướng Mè,noodle,Thai,30,579,"bread,quick_lunch,easy,low_carb"
1818,Rau Sốt Tiêu,healthy,Vietnamese,40,191,"dessert,tofu,bread,egg"
1819,Bò Chiên Mè,dessert,Vietnamese,60,187,"quick,dessert,pork,grilled"
1820,Nấm Rang Me,noodle,Chinese,120,498,"spicy,noodle,dessert,high_protein"
1821,Heo Chiên Tiêu,dessert,Italian,15,366,"salad,rice,pork,healthy"
1822,Nấm Nướng Tỏi,soup,French,40,232,"dessert,chicken,tet,vegan"
1823,Mực Hầm Tỏi,breakfast,Italian,120,300,"dairy_free,low_carb,easy,sweet"
1824,Bò Kho Sả,breakfast,French,120,471,"gluten_free,salad,steamed,quick_lunch"
1825,Đậu Sốt Mè,breakfast,Korean,120,537,"grilled,tet,sour,tofu"
1826,Đậu Kho Mè,vegetarian,Japanese,20,191,"noodle,gluten_free,snack,salad"
1827,Nấm Xào Gừng,main,Indian,40,132,"weekend,easy,vegetarian,chicken"
1828,Bò Hầm Nước Mắm,vegetarian,Indian,10,439,"seafood,sweet,salad,healthy"
1829,Cua Rang Mè,vegetarian,Chinese,45,572,"tofu,noodle,healthy,vegetable"
1830,Rau Chiên Dừa,healthy,Italian,90,602,"egg,weekend,gluten_free,romantic"
1831,Heo Hầm Dừa,dessert,Chinese,15,618,"pork,festive,beef,party"
1832,Mực Xào Nước Mắm,healthy,Korean,60,657,"dessert,quick_lunch,steamed,noodle"
1833,Bò Nướng Nước Mắm,noodle,American,15,342,"weekend,seafood,pork,vegan"
1834,Cua Xào Tiêu,noodle,American,10,733,"snack,steamed,soup,pork"
1835,Gà Hấp Phô Mai,rice,Thai,45,763,"salad,dairy_free,pork,fried"
1836,Tôm Sốt Ớt,healthy,Japanese,40,192,"spicy,chicken,low_carb,quick"
1837,Nấm Hầm Mè,soup,Chinese,30,502,"sour,low_carb,grilled,tet"
1838,Tôm Hấp Gừng,healthy,French,10,479,"quick_lunch,fried,quick,gluten_free"
1839,Mực Nướng Tiêu,appetizer,Italian,90,484,"weekend,snack,dairy_free,family"
1840,Rau Kho Tỏi,appetizer,Mexican,60,726,"soup,gluten_free,steamed,sweet"
1841,Đậu Sốt Nước Mắm,rice,French,60,623,"vegetable,bread,fried,rice"
1842,Đậu Hấp Me,dessert,Korean,15,277,"gluten_free,weekend,healthy,dessert"
1843,Nấm Nướng Dừa,main,Vietnamese,30,361,"seafood,chicken,tet,egg"
1844,Heo Nướng Me,healthy,Chinese,15,454,"fried,chicken,spicy,romantic"
1845,Nấm Hấp Mè,dessert,Chinese,15,577,"weekend,rice,romantic,sweet"
1846,Heo Chiên Tỏi,rice,Indian,60,102,"noodle,mushroom,egg,vegetarian"
1847,Cua Hấp Gừng,soup,Thai,10,732,"party,vegan,quick,rice"
1848,Đậu Sốt Tỏi,noodle,Japanese,30,645,"sour,romantic,vegetarian,grilled"
1849,Gà Rang Ớt,salad,Chinese,90,486,"seafood,egg,rice,sweet"
1850,Heo Rang Phô Mai,vegetarian,Chinese,15,633,"dairy_free,rice,vegetable,egg"
1851,Gà Hấp Ớt,main,American,60,495,"rice,salad,low_carb,tet"
1852,Gà Hấp Nước Mắm,healthy,Thai,30,626,"vegetable,rice,egg,high_protein"
1853,Bò Hấp Dừa,rice,Italian,30,731,"sweet,sour,easy,gluten_free"
1854,Cá Hấp Tiêu,healthy,Chinese,10,668,"party,tofu,grilled,sweet"
1855,Mực Hấp Tỏi,appetizer,Japanese,40,382,"quick,salad,healthy,mushroom"
1856,Cá Nướng Nước Mắm,vegetarian,Vietnamese,60,706,"soup,dessert,beef,rice"
1857,Bò Sốt Phô Mai,vegetarian,Chinese,40,359,"romantic,sour,healthy,snack"
1858,Cá Sốt Me,salad,Korean,15,634,"noodle,pork,family,gluten_free"
1859,Cá Rang Tỏi,main,French,120,287,"grilled,romantic,pork,steamed"
1860,Mực Sốt Tỏi,main,Thai,15,370,"dessert,family,weekend,vegetable"
1861,Nấm Sốt Me,dessert,Chinese,120,573,"weekend,mushroom,vegan,seafood"
1862,Mực Nướng Ớt,noodle,Mexican,15,672,"healthy,pork,snack,rice"
1863,Mực Hầm Phô Mai,vegetarian,Thai,15,319,"snack,grilled,mushroom,festive"
1864,Heo Sốt Tiêu,soup,Chinese,90,508,"noodle,quick_lunch,fried,mushroom"
1865,Heo Chiên Tỏi,rice,Mexican,15,696,"bread,pork,low_carb,sour"
1866,Bò Hấp Dừa,dessert,Chinese,40,186,"healthy,steamed,high_protein,baked"
1867,Cua Nướng Mè,main,Indian,40,651,"sour,baked,tet,rice"
1868,Gà Hầm Nước Mắm,rice,Chinese,15,236,"seafood,low_carb,grilled,healthy"
1869,Rau Kho Dừa,salad,Thai,30,771,"baked,weekend,beef,spicy"
1870,Đậu Sốt Dừa,healthy,Vietnamese,20,671,"tofu,noodle,high_protein,quick_lunch"
1871,Nấm Nướng Mè,healthy,Japanese,20,398,"easy,vegan,beef,egg"
1872,Heo Sốt Dừa,salad,Chinese,60,475,"vegan,chicken,vegetable,gluten_free"
1873,Cua Xào Me,salad,American,60,731,"steamed,egg,party,gluten_free"
1874,Rau Rang Mè,breakfast,American,15,125,"healthy,baked,romantic,chicken"
1875,Tôm Hấp Mè,dessert,Japanese,15,314,"soup,steamed,chicken,salad"
1876,Tôm Sốt Ớt,breakfast,Korean,40,370,"quick_lunch,dairy_free,steamed,fried"
1877,Gà Xào Tỏi,soup,Japanese,10,693,"pork,weekend,dairy_free,bread"
1878,Heo Hầm Mè,soup,Indian,90,755,"healthy,vegetable,steamed,weekend"
1879,Bò Kho Me,breakfast,Italian,20,669,"dessert,weekend,vegetable,fried"
1880,Gà Sốt Nước Mắm,salad,Mexican,90,277,"steamed,dairy_free,pork,festive"
1881,Gà Rang Ớt,rice,French,90,160,"dessert,noodle,vegetable,sour"
1882,Bò Rang Sả,main,Italian,90,215,"spicy,quick,rice,vegetarian"
1883,Heo Nướng Dừa,vegetarian,Thai,30,590,"dessert,romantic,steamed,festive"
1884,Nấm Sốt Tiêu,healthy,French,45,159,"spicy,tet,snack,healthy"
1885,Đậu Sốt Tỏi,vegetarian,French,10,404,"beef,sweet,romantic,dessert"
1886,Heo Sốt Tiêu,healthy,Mexican,15,737,"grilled,salad,sour,vegetable"
1887,Cua Hấp Mè,appetizer,Indian,90,755,"noodle,mushroom,fried,egg"
1888,Mực Sốt Tiêu,noodle,Korean,20,138,"seafood,healthy,fried,baked"
1889,Đậu Chiên Sả,vegetarian,Japanese,10,627,"grilled,spicy,soup,sour"
1890,Mực Chiên Mè,rice,Vietnamese,60,655,"noodle,egg,baked,rice"
1891,Rau Nướng Nước Mắm,breakfast,French,40,627,"tet,festive,quick_lunch,sour"
1892,Nấm Xào Mè,soup,Indian,120,439,"romantic,rice,vegan,tet"
1893,Rau Rang Gừng,salad,Korean,40,795,"sour,bread,baked,quick_lunch"
1894,Gà Hấp Dừa,breakfast,Korean,45,395,"high_protein,baked,chicken,salad"
1895,Cua Hầm Mè,breakfast,Italian,30,707,"vegetable,egg,weekend,rice"
1896,Cua Hầm Tiêu,healthy,Korean,40,622,"egg,high_protein,family,romantic"
1897,Gà Sốt Ớt,noodle,Mexican,60,697,"high_protein,dairy_free,baked,sweet"
1898,Bò Xào Tỏi,breakfast,Japanese,120,222,"dairy_free,snack,steamed,quick"
1899,Nấm Chiên Phô Mai,rice,Japanese,40,546,"sour,family,gluten_free,grilled"
1900,Cua Sốt Dừa,soup,French,10,467,"sour,beef,steamed,romantic"
1901,Gà Hầm Gừng,noodle,Indian,40,151,"dairy_free,pork,egg,rice"
1902,Mực Hầm Me,breakfast,French,45,113,"salad,seafood,egg,spicy"
1903,Đậu Sốt Me,appetizer,Indian,20,207,"quick_lunch,egg,family,quick"
1904,Heo Chiên Tiêu,breakfast,Korean,60,436,"seafood,romantic,chicken,quick_lunch"
1905,Cua Kho Nước Mắm,salad,Indian,40,394,"quick_lunch,pork,egg,dairy_free"
1906,Heo Rang Sả,dessert,Japanese,90,185,"soup,mushroom,snack,spicy"
1907,Nấm Chiên Nước Mắm,soup,Chinese,40,295,"bread,dessert,salad,vegetarian"
1908,Rau Sốt Dừa,healthy,American,45,662,"baked,quick_lunch,seafood,festive"
1909,Đậu Nướng Mè,rice,Mexican,30,671,"seafood,tet,steamed,healthy"
1910,Mực Rang Mè,vegetarian,Korean,90,532,"festive,baked,vegetarian,party"
1911,Rau Kho Tỏi,main,Indian,15,524,"steamed,dessert,bread,mushroom"
1912,Cá Hấp Nước Mắm,appetizer,Indian,30,439,"chicken,noodle,tet,dessert"
1913,Nấm Chiên Me,appetizer,Italian,30,730,"bread,vegetable,tofu,quick_lunch"
1914,Tôm Chiên Dừa,rice,Thai,40,800,"seafood,low_carb,noodle,soup"
1915,Rau Chiên Dừa,main,Vietnamese,40,642,"vegetable,festive,quick_lunch,quick"
1916,Gà Chiên Me,rice,Korean,40,195,"easy,party,soup,vegan"
1917,Heo Hầm Tỏi,salad,Chinese,20,291,"vegetable,soup,bread,vegan"
1918,Cua Hấp Tiêu,noodle,French,40,602,"steamed,family,quick,festive"
1919,Heo Rang Tỏi,noodle,American,40,444,"vegetable,chicken,low_carb,noodle"
1920,Gà Hấp Gừng,rice,Korean,10,737,"quick_lunch,grilled,beef,gluten_free"
1921,Rau Sốt Mè,appetizer,Mexican,20,228,"tet,gluten_free,sweet,seafood"
1922,Đậu Chiên Sả,dessert,American,15,744,"easy,festive,beef,salad"
1923,Gà Hầm Gừng,rice,Italian,20,725,"beef,high_protein,quick_lunch,dairy_free"
1924,Heo Hầm Gừng,vegetarian,Chinese,15,378,"quick_lunch,sweet,snack,vegetable"
1925,Heo Chiên Me,healthy,Mexican,40,246,"vegan,family,snack,pork"
1926,Cua Sốt Nước Mắm,noodle,Mexican,30,349,"high_protein,steamed,soup,sweet"
1927,Cua Xào Phô Mai,noodle,Korean,120,297,"mushroom,festive,steamed,pork"
1928,Đậu Kho Ớt,healthy,Chinese,15,633,"egg,pork,vegetarian,vegan"
1929,Đậu Rang Nước Mắm,rice,Korean,45,468,"low_carb,healthy,seafood,festive"
1930,Đậu Hầm Tỏi,healthy,Vietnamese,30,799,"bread,tofu,pork,vegan"
1931,Cá Sốt Mè,dessert,American,15,213,"tet,mushroom,dessert,party"
1932,Gà Hấp Ớt,noodle,Japanese,45,778,"vegetarian,spicy,festive,tet"
1933,Heo Hấp Phô Mai,main,Korean,10,587,"vegan,party,noodle,tofu"
1934,Heo Sốt Nước Mắm,noodle,Italian,45,623,"low_carb,grilled,spicy,dessert"
1935,Nấm Xào Gừng,dessert,Italian,40,124,"grilled,noodle,mushroom,baked"
1936,Nấm Kho Me,breakfast,Japanese,15,676,"vegetarian,fried,rice,beef"
1937,Mực Chiên Tỏi,rice,Italian,15,364,"spicy,steamed,beef,weekend"
1938,Tôm Nướng Sả,healthy,Chinese,30,644,"quick_lunch,party,egg,easy"
1939,Rau Hầm Ớt,salad,Vietnamese,40,137,"rice,weekend,bread,baked"
1940,Cua Kho Gừng,breakfast,Indian,120,351,"beef,pork,spicy,sour"
1941,Nấm Hấp Mè,healthy,Italian,45,761,"tet,healthy,chicken,gluten_free"
1942,Cá Chiên Gừng,rice,American,20,695,"chicken,sweet,mushroom,tofu"
1943,Cá Nướng Mè,salad,Italian,120,543,"steamed,quick,tofu,family"
1944,Tôm Rang Phô Mai,rice,Japanese,120,558,"fried,vegetable,gluten_free,dessert"
1945,Cua Kho Tỏi,vegetarian,Korean,30,340,"dairy_free,easy,chicken,mushroom"
1946,Bò Hấp Nước Mắm,rice,Chinese,30,785,"chicken,vegetable,festive,gluten_free"
1947,Cá Xào Gừng,main,Thai,10,372,"seafood,mushroom,dairy_free,vegetarian"
1948,Heo Sốt Sả,appetizer,Japanese,15,617,"tet,vegetable,salad,noodle"
1949,Cá Hấp Ớt,healthy,Thai,45,462,"healthy,sweet,grilled,vegetarian"
1950,Heo Hấp Mè,soup,Vietnamese,20,741,"noodle,high_protein,party,fried"
1951,Cá Sốt Sả,rice,American,40,312,"sweet,healthy,soup,salad"
1952,Bò Hầm Tiêu,appetizer,Thai,40,405,"quick,soup,tofu,vegetarian"
1953,Heo Rang Sả,healthy,Japanese,15,382,"mushroom,vegetable,high_protein,grilled"
1954,Đậu Hầm Me,salad,American,30,553,"festive,party,salad,grilled"
1955,Rau Nướng Tỏi,rice,Italian,15,242,"vegan,sour,mushroom,sweet"
1956,Tôm Hấp Sả,healthy,Chinese,120,308,"baked,beef,spicy,party"
1957,Heo Chiên Tỏi,appetizer,Japanese,30,261,"seafood,mushroom,rice,spicy"
1958,Cá Hầm Nước Mắm,salad,Mexican,30,643,"romantic,vegetable,spicy,noodle"
1959,Cá Sốt Me,soup,Indian,40,716,"dessert,baked,rice,egg"
1960,Cua Nướng Ớt,noodle,Mexican,120,419,"sour,romantic,sweet,family"
1961,Cá Xào Me,noodle,Mexican,20,282,"steamed,festive,fried,vegetarian"
1962,Rau Nướng Gừng,healthy,Korean,90,175,"tet,dessert,soup,weekend"
1963,Đậu Chiên Me,appetizer,Korean,45,597,"seafood,easy,steamed,snack"
1964,Cá Xào Nước Mắm,appetizer,American,30,748,"mushroom,chicken,fried,steamed"
1965,Cua Nướng Tỏi,dessert,Indian,90,376,"sweet,egg,healthy,chicken"
1966,Đậu Sốt Gừng,breakfast,Indian,120,578,"bread,snack,weekend,easy"
1967,Tôm Hấp Me,dessert,Mexican,40,610,"dessert,vegetarian,family,chicken"
1968,Tôm Hầm Tỏi,main,American,15,340,"vegetarian,party,tet,quick_lunch"
1969,Cua Nướng Tiêu,appetizer,Italian,20,276,"tofu,party,sweet,soup"
1970,Cá Xào Tiêu,main,Thai,120,613,"weekend,mushroom,party,sweet"
1971,Cua Kho Phô Mai,salad,Mexican,60,105,"salad,mushroom,sweet,festive"
1972,Cua Sốt Gừng,rice,Japanese,45,241,"sweet,beef,chicken,pork"
1973,Heo Hấp Tiêu,salad,Indian,10,386,"grilled,vegan,sweet,steamed"
1974,Mực Hấp Gừng,rice,Vietnamese,20,112,"snack,grilled,vegetable,fried"
1975,Rau Kho Ớt,healthy,Vietnamese,90,395,"healthy,gluten_free,rice,romantic"
1976,Heo Chiên Sả,appetizer,Thai,15,353,"sour,sweet,seafood,fried"
1977,Nấm Sốt Gừng,main,Italian,15,609,"steamed,grilled,party,quick_lunch"
1978,Bò Xào Phô Mai,salad,American,40,491,"soup,seafood,low_carb,beef"
1979,Nấm Xào Sả,noodle,French,30,619,"weekend,romantic,party,egg"
1980,Gà Xào Mè,breakfast,Italian,120,472,"quick_lunch,chicken,mushroom,vegan"
1981,Gà Kho Sả,main,American,45,490,"steamed,dessert,gluten_free,salad"
1982,Tôm Sốt Dừa,healthy,Indian,90,794,"mushroom,noodle,grilled,dairy_free"
1983,Cua Hầm Sả,salad,Italian,40,635,"spicy,high_protein,festive,chicken"
1984,Cá Nướng Gừng,appetizer,Mexican,40,637,"pork,dairy_free,snack,festive"
1985,Heo Hấp Tiêu,noodle,Korean,40,456,"healthy,festive,fried,weekend"
1986,Heo Nướng Me,noodle,French,60,443,"vegan,soup,dessert,fried"
1987,Heo Sốt Me,dessert,Thai,45,595,"noodle,quick,quick_lunch,rice"
1988,Cá Sốt Me,appetizer,Thai,10,438,"dessert,tet,tofu,egg"
1989,Cá Sốt Ớt,dessert,Indian,45,319,"dessert,spicy,dairy_free,weekend"
1990,Cua Xào Sả,dessert,Japanese,15,652,"tet,rice,snack,easy"
1991,Gà Sốt Ớt,dessert,Indian,15,774,"party,baked,festive,mushroom"
1992,Heo Nướng Me,breakfast,Thai,30,131,"grilled,soup,quick,healthy"
1993,Rau Sốt Phô Mai,salad,Japanese,20,447,"pork,romantic,vegetarian,spicy"
1994,Tôm Sốt Tiêu,noodle,Vietnamese,10,762,"tet,mushroom,pork,dessert"
1995,Cá Hầm Dừa,healthy,Thai,40,390,"quick_lunch,healthy,romantic,gluten_free"
1996,Cá Rang Phô Mai,soup,Indian,90,589,"dairy_free,tet,pork,noodle"
1997,Tôm Rang Me,noodle,Vietnamese,15,367,"grilled,healthy,mushroom,bread"
1998,Heo Rang Gừng,dessert,Korean,120,780,"seafood,vegetarian,fried,vegan"
1999,Nấm Xào Me,salad,Mexican,120,514,"vegan,easy,egg,high_protein"
2000,Mực Hấp Gừng,soup,Chinese,20,230,"sour,baked,sweet,easy"
